market,symbol,name,price,pct,market_cap,liquidity_value,sector,level1_score
KR,222800,심텍,149500,0.95,5753436637000,86694553100,Technology,0.936787
KR,000500,가온전선,318500,-0.93,9484167829500,48994969750,Other,0.934960
KR,036540,SFA반도체,10570,-0.47,1738345402710,64581612360,Technology,0.928749
KR,010170,대한광통신,17700,-0.62,2752096182000,158123523360,Other,0.910081
KR,098120,마이크로컨텍솔,58000,1.93,482140428000,15588447250,Technology,0.907896
KR,009150,삼성전기,1507000,1.41,112563399872000,743457672000,Technology,0.884458
KR,001820,삼화콘덴서,146900,-0.34,1527025500000,92014605700,Technology,0.883218
KR,067310,하나마이크론,46200,1.2,3071878147800,78283234600,Technology,0.882900
KR,064290,인텍플러스,54800,-1.44,710075274400,14628092200,Industrials,0.875678
KR,010950,S-Oil,155600,0.84,17517882435200,58872144050,Energy,0.872798
KR,000990,DB하이텍,132000,0.99,5742605616000,54022998350,Technology,0.866737
KR,003490,대한항공,31500,0.32,11598949183500,130982068100,Industrials,0.864560
KR,036930,주성엔지니어링,209500,2.95,9737794849500,180622863750,Industrials,0.863113
KR,192650,드림텍,8450,-0.94,556743705050,7092574680,Technology,0.863047
KR,119850,지엔씨에너지,56100,2.19,922783794900,24956907000,Utilities,0.861301
KR,131290,티에스이,289000,2.85,3196752981000,20758374500,Technology,0.861172
KR,161890,한국콜마,147000,0.62,3469946319000,40522592900,Materials,0.861115
KR,066570,LG전자,209000,-3.46,34042889342000,114955326500,Technology,0.859551
KR,000660,SK하이닉스,1862000,1.2,1360176783630000,5480333530143,Technology,0.859517
KR,144960,뉴파워프라즈마,12790,4.66,558828660960,18253979650,Industrials,0.858977
KR,078930,GS,110700,0.09,10283531296500,37659704500,Financials,0.852750
KR,000150,두산,1512000,2.65,24485078520000,118116220500,Technology,0.847970
KR,043260,성호전자,26200,-2.78,1976838417600,72759502025,Technology,0.847265
KR,950260,인제니아테라퓨틱스(Reg.S),24400,4.05,1206448410800,79268095725,Healthcare,0.844281
KR,232140,와이씨,14250,-0.42,1169146237500,25395537070,Industrials,0.843963
KR,456010,아이씨티케이,22600,1.57,327753110000,35347643925,Technology,0.841863
KR,437730,삼현,51900,-3.71,1645622727300,21317535800,Industrials,0.840827
KR,006340,대원전선,13490,-1.24,1057810471840,21037840590,Other,0.837749
KR,001440,대한전선,30950,-2.06,6065970846200,94512213125,Other,0.836342
KR,028050,삼성E&A,49350,-3.61,9672600000000,110184302725,Other,0.834550
KR,017900,광전자,9880,-3.14,572484378440,30374224915,Technology,0.834541
KR,024840,KBI메탈,6350,-1.24,276011430450,12968095335,Materials,0.833950
KR,059090,미코,22550,-0.22,753548343900,8063434975,Technology,0.832650
KR,062040,산일전기,205500,0.24,6297105675000,25446226750,Utilities,0.830113
KR,425420,티에프이,64300,-0.16,793923738300,4342503050,Technology,0.830088
KR,105560,KB금융,173200,-1.42,61431915528800,118050253200,Financials,0.828738
KR,402340,SK스퀘어,1190000,5.03,156989557620000,1132505220813,Financials,0.827868
KR,005930,삼성전자,285500,3.25,1669112542584000,5926486634990,Technology,0.827747
KR,077360,덕산하이메탈,13140,1.62,597042206280,9385748275,Technology,0.827513
KR,055550,신한지주,109300,-3.45,51310911122700,98782914050,Financials,0.826925
KR,042700,한미반도체,243500,1.46,23208520700000,89109822750,Industrials,0.826662
KR,096770,SK이노베이션,149200,5.82,25222675969600,148676435650,Energy,0.826626
KR,192820,코스맥스,272000,0.74,3087066448000,18282589500,Materials,0.826393
KR,086790,하나금융지주,133100,-2.13,36066095021000,86391731820,Financials,0.825356
KR,108490,로보티즈,301000,0.33,4414775428000,64227738500,Industrials,0.825346
KR,252990,샘씨엔에스,17930,3.22,1079706749770,11511043865,Technology,0.824140
KR,039030,이오테크닉스,481500,1.69,5931863325000,34260840000,Industrials,0.823766
KR,031980,피에스케이홀딩스,163200,3.16,3518982864000,15858437050,Industrials,0.822790
KR,316140,우리금융지주,35350,-1.12,26045404789950,49731421325,Financials,0.822776
KR,058470,리노공업,74300,-0.93,5662540455000,110177330800,Technology,0.822148
KR,034730,SK,611000,3.91,44299151533000,78403933000,Financials,0.821714
KR,000880,한화,130000,-1.74,6932756610000,8086377750,Materials,0.820809
KR,006400,삼성SDI,521000,-1.51,41985061130000,195422763000,Other,0.820418
KR,095340,ISC,212500,2.16,4504374825000,24686123500,Industrials,0.819667
KR,443060,HD현대마린솔루션,239000,-1.65,10715196940000,13867663450,Other,0.818936
KR,138040,메리츠금융지주,125600,-2.56,21018817488800,18766875350,Financials,0.818838
KR,028260,삼성물산,367000,0,59515502227000,102096058500,Other,0.817743
KR,240810,원익IPS,133700,2.61,6562517563700,353053961450,Industrials,0.817290
KR,180640,한진칼,140100,-2.37,9353394727500,9869157150,Financials,0.816164
KR,003160,디아이,36750,5.6,1040025000000,28182485225,Technology,0.815983
KR,131970,두산테스나,93700,0.32,1810962200600,18652896000,Other,0.815817
KR,004710,한솔테크닉스,9900,0.92,525130818300,4753237480,Technology,0.815414
KR,018260,삼성에스디에스,220500,-2.43,17061804900000,20918339250,Technology,0.814707
KR,007810,코리아써키트,65100,-0.76,1561268562000,44522468150,Technology,0.814516
KR,403870,HPSP,55500,2.21,4567650000000,77548253400,Industrials,0.814013
KR,006260,LS,321500,-1.53,10030800000000,23411934750,Financials,0.813301
KR,011070,LG이노텍,535000,-1.29,12661902245000,59594106720,Technology,0.812542
KR,032830,삼성생명,294500,1.2,58900000000000,65745880000,Financials,0.812244
KR,000810,삼성화재,648000,-1.07,28931562504000,38949167000,Financials,0.812050
KR,298040,효성중공업,2896000,-0.17,27003891008000,78971822000,Utilities,0.811822
KR,090430,아모레퍼시픽,142500,0.35,8335218157500,20745686600,Materials,0.811663
KR,005830,DB손해보험,184600,-0.7,12091364425400,30306492000,Financials,0.811482
KR,033780,KT&G,174300,-1.69,18094162480800,46655668650,Other,0.809150
KR,033640,네패스,27600,0.36,636433975200,4802065350,Technology,0.808682
KR,001450,현대해상,47550,-0.52,4053554287500,15030136900,Financials,0.807958
KR,052710,아모텍,18920,-2.22,353440736000,14027543800,Technology,0.806927
KR,095610,테스,161900,8.95,3134384000000,56509219850,Industrials,0.806614
KR,417840,저스템,17080,7.56,391929311480,33170428755,Industrials,0.806402
KR,078350,한양디지텍,27650,-2.47,421507162300,9990468800,Technology,0.805541
KR,046970,우리로,7910,3.94,346655742090,95135681205,Other,0.805107
KR,278470,에이피알,368500,1.94,13795960117500,68566674500,Materials,0.804370
KR,281820,케이씨텍,86800,7.69,1718523774800,25587113350,Technology,0.803668
KR,003550,LG,111900,-3.95,16918385247600,16049782450,Financials,0.802966
KR,160190,하이젠알앤엠,29400,2.08,908107200000,5506787800,Utilities,0.801754
KR,016360,삼성증권,91100,0.44,8135230000000,41672157554,Financials,0.801643
KR,002990,금호건설,13010,-1.66,484752261740,10987165505,Industrials,0.800150
KR,058610,에스피지,100700,1.92,2233260152000,36610953750,Utilities,0.800007
KR,353200,대덕전자,119400,6.32,5900380845000,184015317200,Technology,0.799986
KR,030530,원익홀딩스,28300,6.79,2185834862300,192893126575,Materials,0.799922
KR,003670,포스코퓨처엠,179900,-2.33,16001424978000,103101673800,Other,0.798200
KR,181710,NHN,56000,-2.1,1810422040000,8738469750,Technology,0.797955
KR,021240,코웨이,99800,0,7062589114800,23512651150,Other,0.797190
KR,080220,제주반도체,77600,2.65,2672763840800,70673564200,Technology,0.797137
KR,229640,LS에코에너지,64000,7.56,1959992256000,40717518950,Financials,0.796665
KR,079550,LIG디펜스앤에어로스페이스,692000,-1.7,15224000000000,45349505500,Other,0.796416
KR,218410,RFHIC,58600,-0.68,1557320901200,18248395700,Technology,0.795550
KR,420770,기가비스,123100,3.01,1560385809800,13070939500,Industrials,0.795290
KR,096530,씨젠,34000,-0.58,1588969668000,5598570650,Healthcare,0.794625
KR,475150,SK이터닉스,50800,0.59,1730603803200,27694269350,Industrials,0.793796
KR,140410,메지온,82200,4.31,2517101602800,10914246150,Healthcare,0.793093
KR,069540,빛과전자,4020,2.29,453021425940,46349179042,Technology,0.792944
KR,010120,LS ELECTRIC,205500,-3.07,30825000000000,68660996750,Utilities,0.792753
KR,024110,기업은행,20400,2,16267487727600,30601138000,Financials,0.792653
KR,241710,코스메카코리아,127300,-0.08,1359564000000,8073909650,Materials,0.792650
KR,088350,한화생명,5640,-0.18,4898509200000,11673718590,Financials,0.792175
KR,068270,셀트리온,177400,-0.62,41266287022400,52420836400,Healthcare,0.791840
KR,356860,티엘비,44600,0.22,1057076196000,25720176075,Technology,0.791207
KR,007660,이수페타시스,118900,5.31,8728356139100,109461510850,Technology,0.791095
KR,204270,제이앤티씨,23800,-4.99,1376793490800,25593965575,Technology,0.790977
KR,089860,롯데렌탈,49650,0,1802761114200,1289523325,Industrials,0.790172
KR,373220,LG에너지솔루션,351500,0.29,82251000000000,78686281500,Other,0.789692
KR,098460,고영,29150,0.87,1988152808950,21166620900,Industrials,0.789538
KR,086280,현대글로비스,196900,-3,14767500000000,43092461950,Industrials,0.789406
KR,010580,에스엠벡셀,2765,2.03,307611116400,8171868886,Industrials,0.789178
KR,317400,자이에스앤디,9780,-2.88,379293045600,7760934880,Real Estate,0.788997
KR,103590,일진전기,81700,6.8,3895896363000,80921351650,Other,0.788069
KR,446540,메가터치,10900,15.47,316962309900,38921530020,Other,0.787655
KR,327260,RF머트리얼즈,47050,-2.49,846374874950,26037365075,Technology,0.787418
KR,452260,한화갤러리아,2765,1.65,536021821650,4369612785,Consumer,0.787114
KR,008930,한미사이언스,52100,2.76,3563199755000,6652723500,Financials,0.786388
KR,035420,NAVER,194700,-3.13,29612773644300,225541510150,Technology,0.786136
KR,092870,엑시콘,42950,13.03,560531731150,49798031725,Industrials,0.786057
KR,017670,SK텔레콤,87100,-0.23,18708213616300,49457326700,Technology,0.785908
KR,011200,HMM,20800,-1.89,19619349776000,11806537825,Industrials,0.785878
KR,060370,LS마린솔루션,33650,1.51,1757837437100,5527330800,Technology,0.785636
KR,007340,DN오토모티브,47900,-3.43,2802670433500,6331780225,Other,0.785633
KR,047050,포스코인터내셔널,55300,-2.47,9728530176400,20943954850,Other,0.785546
KR,042370,비츠로테크,10650,-2.92,279030266250,17549924125,Financials,0.785187
KR,329180,HD현대중공업,441000,-3.18,46287900225000,84338033250,Other,0.784817
KR,082740,한화엔진,47600,-3.35,3972083959200,35300183650,Industrials,0.784752
KR,332570,PS일렉트로닉스,8830,0.8,405655524490,11456121240,Technology,0.784720
KR,041190,우리기술투자,6060,1.34,483588000000,13012584685,Financials,0.783749
KR,080580,오킨스전자,24850,8.04,524110231750,26204884500,Technology,0.783510
KR,052690,한전기술,130400,-5.58,4983888000000,64058490650,Other,0.783184
KR,012450,한화에어로스페이스,1021000,-3.41,52646232421000,143830268500,Industrials,0.783176
KR,071050,한국금융지주,186400,0.05,10387324908800,30643933650,Financials,0.782863
KR,053800,안랩,74300,4.94,826699395800,9493761250,Technology,0.782467
KR,003230,삼양식품,1215000,-2.96,9152613225000,69558340000,Consumer,0.782208
KR,336260,두산퓨얼셀,47200,-0.84,3091303867200,24561197075,Utilities,0.782118
KR,064400,LG씨엔에스,69400,-3.07,6723884791200,37275549250,Technology,0.781732
KR,483650,달바글로벌,182100,1.62,2281196746500,30346749150,Materials,0.781721
KR,005490,POSCO홀딩스,311500,-1.89,24683735660500,60634984250,Materials,0.780927
KR,159010,아스플로,29800,22.89,397375222200,27126742900,Industrials,0.780673
KR,010140,삼성중공업,20250,-1.7,17820000000000,46856374958,Other,0.780635
KR,009540,HD한국조선해양,332500,-2.06,23532061070000,37538250750,Financials,0.780521
KR,093370,후성,13950,2.57,1496211853500,107366380545,Materials,0.780174
KR,083450,GST,49250,0.41,907677500000,4383917325,Industrials,0.780077
KR,207940,삼성바이오로직스,1366000,-1.8,63233439066000,53401243168,Healthcare,0.779147
KR,051900,LG생활건강,292500,-1.35,4380340477500,9463603000,Materials,0.777953
KR,122640,예스티,32000,1.91,692842400000,9038182200,Industrials,0.777668
KR,035720,카카오,33450,-2.05,14818346755350,46852441200,Technology,0.777483
KR,253590,네오셈,13680,3.64,600130163520,39157988275,Industrials,0.777270
KR,128940,한미약품,520000,3.59,6661715320000,66420977500,Healthcare,0.777117
KR,175330,JB금융지주,30150,-2.11,5623632993600,8850924650,Financials,0.776865
KR,267260,HD현대일렉트릭,708000,-0.84,25521371580000,50124662000,Utilities,0.776654
KR,032640,LG유플러스,14640,0.48,6213621996480,12396818692,Technology,0.775561
KR,033790,피노,7600,1.6,633246341200,7039264685,Other,0.774459
KR,047810,한국항공우주,127500,-2.15,12428076142500,23984754250,Industrials,0.772918
KR,064760,티씨케이,286000,4.95,3197312976000,13745289250,Materials,0.772570
KR,020560,아시아나항공,8360,-0.12,1722082343960,2326716815,Industrials,0.772044
KR,090460,비에이치,20250,0.5,682658644500,12249524090,Technology,0.771938
KR,267250,HD현대,205500,-0.72,16233078967500,31454272000,Financials,0.771859
KR,002380,KCC,476000,1.82,4090218496000,8944225750,Materials,0.771727
KR,030200,KT,52700,-0.75,13281542799500,9472487350,Technology,0.771708
KR,454910,두산로보틱스,70800,-0.28,4589254584000,21165347100,Industrials,0.770729
KR,125490,한라캐스트,12110,-2.34,442043482720,15990083485,Industrials,0.770251
KR,375500,DL이앤씨,80900,-5.05,3130314100700,29918971800,Industrials,0.769626
KR,032820,우리기술,12960,-3.43,2239288571520,38512949155,Utilities,0.769104
KR,029460,케이씨,43350,-0.23,477740192250,1531668200,Technology,0.768144
KR,440110,파두,81600,12.86,4089059803200,103099823600,Technology,0.766469
KR,011790,SKC,89400,1.13,4434087841200,8812740250,Materials,0.766384
KR,042660,한화오션,79600,-2.45,24390506162400,71064061400,Other,0.766201
KR,015760,한국전력,30250,-1.94,19419413329250,45916679600,Other,0.766060
KR,000270,기아,115400,-2.62,45053659969200,92692855900,Industrials,0.766052
KR,066970,엘앤에프,109100,0.65,4438862674400,38748092250,Other,0.765968
KR,005940,NH투자증권,26000,-0.38,9599358730000,10220637700,Financials,0.765926
KR,386380,스카이랩스,22950,-4.18,430587372150,80027508000,Healthcare,0.765675
KR,277810,레인보우로보틱스,433000,-1.14,8400138514000,19668551250,Industrials,0.765417
KR,028670,팬오션,5600,-3.28,2993589267200,13077095155,Industrials,0.765333
KR,073240,금호타이어,6570,-2.23,1887300085590,10311122840,Materials,0.764199
KR,005380,현대차,353500,-1.94,71925404922000,195710172750,Industrials,0.764187
KR,020150,롯데에너지머티리얼즈,40150,0.12,2102473339450,3949224225,Technology,0.763484
KR,139130,iM금융지주,17810,-1.6,2820452296480,7279235655,Financials,0.763078
KR,161390,한국타이어앤테크놀로지,57300,-0.35,7098041453700,14545274150,Materials,0.761874
KR,203650,드림시큐리티,2790,3.72,283755510360,46055512140,Technology,0.761265
KR,041510,에스엠,82600,1.23,1891101394000,8275517050,Communication,0.760878
KR,053610,프로텍,76000,3.83,684000000000,4062226100,Industrials,0.760523
KR,323410,카카오뱅크,19920,-1.39,9504239105040,19576733350,Financials,0.760428
KR,272210,한화시스템,73900,-4.52,13961142847100,71106524100,Technology,0.759704
KR,027360,아주IB투자,4020,1.26,487004532120,16640483327,Financials,0.759302
KR,425040,티이엠씨,12890,3.45,282586155220,11994591205,Materials,0.759222
KR,005690,파미셀,12540,-0.4,752450335560,10278758170,Technology,0.758938
KR,036460,한국가스공사,35600,-0.56,3286342800000,7685765575,Utilities,0.758707
KR,036810,에프에스티,31200,3.31,675473416800,4182082600,Technology,0.758578
KR,112610,씨에스윈드,50100,-0.6,2112787290300,9725583700,Other,0.758297
KR,051910,LG화학,252500,-0.59,17824566607500,36170571750,Materials,0.756521
KR,067390,아스트,6100,1.84,256906117700,562392675,Industrials,0.756494
KR,201490,미투온,3705,-0.54,121241404830,71386181320,Technology,0.756308
KR,006800,미래에셋증권,32250,-1.83,17512428894750,26091635875,Financials,0.756106
KR,006110,삼아알미늄,53900,-2,815154224500,5871668600,Materials,0.756092
KR,089030,테크윙,49150,3.26,1821186651750,41338763250,Industrials,0.755902
KR,034020,두산에너빌리티,81700,-5.55,52333845628200,377610192400,Industrials,0.755864
KR,219130,타이거일렉,80800,5.07,510194632000,2999571350,Technology,0.755729
KR,039490,키움증권,266000,1.53,6976732056000,14455124500,Financials,0.755479
KR,138930,BNK금융지주,15970,2.18,4900230823470,17296715605,Financials,0.755466
KR,084370,유진테크,163600,9.5,3749064471200,43001863900,Industrials,0.755342
KR,417200,LS머트리얼즈,13380,0.22,905192577420,10374198935,Technology,0.755150
KR,241560,두산밥캣,57700,-1.03,5530894950500,9779826150,Industrials,0.754517
KR,307950,현대오토에버,377500,-1.95,10352553205000,15335880250,Technology,0.753527
KR,290550,디케이티,22300,4.45,446027429000,5181342725,Technology,0.753495
KR,001430,세아베스틸지주,44300,-2.85,1588691871700,5244865175,Materials,0.753349
KR,383220,F&F,67800,-1.02,2597219685000,4057065850,Consumer,0.753150
KR,323280,태성,46500,0,1420016070000,11743258725,Industrials,0.752327
KR,012330,현대모비스,367500,-1.34,33009064987500,69163009250,Industrials,0.752273
KR,012750,에스원,83300,-0.12,3165331527400,2863662350,Other,0.752241
KR,032500,케이엠더블유,19560,0.26,825269671560,3071034500,Technology,0.752192
KR,214450,파마리서치,322500,-0.46,3350661480000,15818184250,Healthcare,0.751139
KR,088980,맥쿼리인프라,9780,-0.2,4683857091540,6593061230,Financials,0.750652
KR,014620,성광벤드,30700,-3.61,815311074800,6184411675,Materials,0.750159
KR,356680,엑스게이트,18220,10.16,520062424240,337423854550,Technology,0.749560
KR,319660,피에스케이,144800,10.62,4194380187200,79081592600,Industrials,0.749460
KR,347700,스피어,23300,3.33,1201146734600,44120321375,Technology,0.749444
KR,259960,크래프톤,198000,-1.98,9091405224000,12273545212,Technology,0.748580
KR,004800,효성,164200,-0.85,2748774829400,2822773100,Financials,0.748498
KR,195870,해성디에스,61200,2.51,1040400000000,11748616100,Technology,0.748278
KR,000370,한화손해보험,7610,-2.31,888383143150,5236850285,Financials,0.747958
KR,017800,현대엘리베이터,73700,-0.54,2881108774500,4966017450,Industrials,0.747778
KR,000100,유한양행,74100,-1.33,5454929372100,13688920350,Healthcare,0.747326
KR,161580,필옵틱스,32650,1.56,765389364550,5412825025,Industrials,0.746805
KR,010130,고려아연,1116000,0.54,23294233404000,9331559000,Materials,0.746265
KR,247540,에코프로비엠,105000,0.67,10272195570000,30944208600,Other,0.746168
KR,034220,LG디스플레이,8490,0.24,4245000000000,32121308665,Technology,0.746138
KR,138080,오이솔루션,28350,0.18,350909439300,9781929150,Technology,0.746134
KR,452430,사피엔반도체,40250,-1.95,332280695250,1906662075,Technology,0.745008
KR,103140,풍산,76700,-2.91,2149462122600,7410113750,Materials,0.744987
KR,294870,IPARK현대산업개발,23700,0.21,1562003721000,2451310125,Industrials,0.744860
KR,005440,현대지에프홀딩스,13020,-1.44,2387831530980,3837291820,Financials,0.744665
KR,001040,CJ,130000,0.46,3793009740000,11069018850,Financials,0.743731
KR,041960,코미팜,9850,-0.2,734989279850,5086242855,Healthcare,0.743671
KR,0220W0,한화머시너리앤서비스홀딩스,6400,-2.29,540899424000,5711818435,Financials,0.743469
KR,012210,삼미금속,12440,-8.12,286761642760,33897534795,Industrials,0.743258
KR,097950,CJ제일제당,175800,0.92,2646525898800,10545580000,Consumer,0.743249
KR,005180,빙그레,84300,-0.59,745363824300,5500676800,Other,0.743167
KR,004370,농심,390000,-0.64,2372230380000,5992949250,Consumer,0.742931
KR,267270,HD건설기계,129700,-5.67,6160410964200,54984042850,Industrials,0.742493
KR,196170,알테오젠,250000,0.2,17413783250000,55851517500,Healthcare,0.742466
KR,020000,한섬,19740,-0.9,423955861560,2337595600,Consumer,0.742453
KR,003690,코리안리,14670,-0.34,2592497524770,2688224195,Financials,0.742441
KR,086450,동국제약,21350,4.15,965669467000,17668924925,Healthcare,0.742439
KR,377300,카카오페이,40650,-0.73,5499970284300,5854516700,Financials,0.742401
KR,086520,에코프로,80100,0,10875669775200,26959948800,Financials,0.742054
KR,257720,실리콘투,38750,-2.64,2541079765000,24446546650,Other,0.741524
KR,044490,태웅,38100,-4.27,762281216100,6886414950,Industrials,0.741473
KR,069960,현대백화점,96400,-2.53,2078857516800,10688636350,Consumer,0.741209
KR,006360,GS건설,34600,-7.61,2961119554000,83078325400,Industrials,0.741023
KR,000250,삼천당제약,165700,1.91,3886903110400,10367304400,Healthcare,0.740742
KR,166090,하나머티리얼즈,58700,3.35,1160949463800,7088719600,Technology,0.740207
KR,090360,로보스타,79000,0,770250000000,5968080650,Industrials,0.739878
KR,007390,네이처셀,24650,-1,1588324130400,2645388550,Healthcare,0.739730
KR,217590,티엠씨,14330,-1.92,345270244250,10321084605,Other,0.739365
KR,120110,코오롱인더,54200,-1.81,1623074934400,8952883950,Materials,0.739172
KR,012030,DB,1692,-0.24,340386294636,11740463354,Technology,0.738814
KR,079900,전진건설로봇,42300,0.71,617264653500,2404009200,Industrials,0.738765
KR,011780,금호석유화학,116900,-0.26,2940891292500,6003269400,Materials,0.738306
KR,003350,한국화장품제조,15850,5.25,359161000000,20120648085,Materials,0.738233
KR,000720,현대건설,121100,-7.77,13485183141500,147407345200,Industrials,0.737992
KR,183300,코미코,31800,2.75,1633352145000,12501866850,Industrials,0.737903
KR,079940,가비아,41350,0.24,554945283400,1133069900,Technology,0.737436
KR,251970,펌텍코리아,57500,0.17,713000000000,2935044400,Materials,0.737276
KR,071320,지역난방공사,78200,0.39,905457780800,2388399200,Other,0.737120
KR,489790,한화비전,47950,0.42,2420918300500,6285460200,Technology,0.736462
KR,388210,씨엠티엑스,88500,4.36,854417763000,6395472650,Technology,0.736437
KR,004170,신세계,347000,-2.94,3277477807000,22935843000,Consumer,0.736125
KR,051160,지어소프트,12040,4.06,186312137200,1947559850,Technology,0.735976
KR,014680,한솔케미칼,236500,5.11,2552789514000,12260214750,Materials,0.735935
KR,002790,아모레퍼시픽홀딩스,26350,0.57,2014673043000,2184444375,Materials,0.735825
KR,056190,SFA,28000,0.18,1005445280000,1865649325,Industrials,0.734853
KR,295310,에이치브이엠,63100,8.42,782727609800,19167763150,Materials,0.734290
KR,018880,한온시스템,3220,-3.01,3304529321240,11197018227,Industrials,0.734194
KR,031330,에스에이엠티,8240,-0.12,823959352080,3034645585,Industrials,0.733695
KR,000240,한국앤컴퍼니,24650,0.2,2340153666000,2083520000,Financials,0.733498
KR,352820,하이브,156800,0.32,6759151884800,37850535950,Communication,0.733264
KR,036570,NC,212000,-4.93,4567332664000,20365921500,Technology,0.733067
KR,271560,오리온,110100,-0.72,4352119558800,8135322550,Consumer,0.732848
KR,319400,현대무벡스,20950,-1.87,2333328017050,15506732900,Industrials,0.732833
KR,011170,롯데케미칼,60200,-3.68,2575080223800,7184848750,Materials,0.732672
KR,013030,하이록코리아,37700,-0.26,443659028800,1464058525,Materials,0.732559
KR,045100,한양이엔지,32150,1.74,562625000000,1629391375,Other,0.732396
KR,064350,현대로템,115900,-1.02,12649591758700,25460151750,Industrials,0.732231
KR,050890,쏠리드,9530,0.32,579009769020,13655378325,Technology,0.731614
KR,023160,태광,26400,-2.58,682895188800,3048018975,Materials,0.731370
KR,0126Z0,삼성에피스홀딩스,330000,-0.45,8211406170000,7816726250,Financials,0.731355
KR,001210,금호전기,9840,-2.96,123259441440,13450415845,Other,0.730965
KR,047040,대우건설,17440,-7.23,7166229206720,179609811815,Industrials,0.729937
KR,417030,니어스랩,35700,4.23,206258749200,12026237750,Technology,0.729865
KR,200470,에이팩트,8160,4.35,357600216960,7417011890,Technology,0.729806
KR,004310,현대약품,8860,-1.01,283520000000,11176444765,Healthcare,0.729780
KR,263750,펄어비스,33900,-0.73,2130408549000,4236618450,Technology,0.729759
KR,326030,SK바이오팜,75900,-1.3,5943975675000,7016710400,Healthcare,0.729702
KR,068930,디지털대성,9600,0.31,265683283200,3344629655,Other,0.729653
US,META,Meta Platforms Inc. Class A Common Stock,777.59,4.501,1980915365498,27067613970.98,Technology,0.971871
US,INTC,Intel Corporation Common Stock,127.39,3.907,673265005006,15197249798.21,Technology,0.970082
US,AMD,Advanced Micro Devices Inc. Common Stock,629.26,2.384,1027251244929,15932580033.00,Technology,0.965786
US,LLY,Eli Lilly and Company Common Stock,1181.89,2.685,1112580501553,2858763805.23,Health Care,0.965746
US,MRNA,Moderna Inc. Common Stock,194.82,6.979,77779135895,3235082341.08,Health Care,0.960440
US,V,Visa Inc.,367.98,1.787,657490187696,1625584400.22,Consumer Discretionary,0.959686
US,GOOGL,Alphabet Inc. Class A Common Stock,342.36,1.341,4187062800000,8140429294.56,Technology,0.959169
US,TMO,Thermo Fisher Scientific Inc Common Stock,678.39,1.968,250832861350,1423241868.30,Industrials,0.957804
US,GOOG,Alphabet Inc. Class C Capital Stock,339.01,1.203,4146092300000,5412306515.35,Technology,0.956994
US,CDNS,Cadence Design Systems Inc. Common Stock,322,4.177,88676546000,797091036.00,Technology,0.953921
US,DIS,Walt Disney Company (The) Common Stock,105.56,2.03,182269069375,832459566.12,Consumer Discretionary,0.952971
US,VZ,Verizon Communications Inc. Common Stock,47.32,1.72,196603962559,995788073.28,Telecommunications,0.952879
US,VLO,Valero Energy Corporation Common Stock,382.86,1.868,110235907718,1426841116.56,Energy,0.952822
US,RCL,Royal Caribbean Cruises Ltd. Common Stock,238.98,3.769,63915699034,1309263640.02,Consumer Discretionary,0.952259
US,MU,Micron Technology Inc. Common Stock,1080.53,0.807,1220343181450,23847614775.82,Technology,0.951477
US,MA,Mastercard Incorporated Common Stock,566.08,1.1,495891706835,1225918698.24,Consumer Discretionary,0.950855
US,P,Everpure Inc. Class A common stock,121.88,11.154,40613737352,1421689857.72,Technology,0.949913
US,UNH,UnitedHealth Group Incorporated Common Stock (DE),375.01,1.002,336607043573,1744624147.07,Health Care,0.949855
US,HPE,Hewlett Packard Enterprise Company Common Stock,63.52,1.909,84320562762,1363960450.08,Technology,0.949677
US,DDOG,Datadog Inc. Class A Common Stock,256.92,2.159,92253555166,896536727.52,Technology,0.949603
US,AXP,American Express Company Common Stock,305.66,1.225,206415203555,1208980665.92,Finance,0.949299
US,SNPS,Synopsys Inc. Common Stock,424.91,2.869,81428327252,729297677.78,Technology,0.948945
US,CTAS,Cintas Corporation Common Stock,197.68,2.974,78976474501,671872214.16,Industrials,0.948177
US,WELL,Welltower Inc. Common Stock,233.61,1.627,168373228003,642721614.99,Real Estate,0.947655
US,ILMN,Illumina Inc. Common Stock,273.9,7.252,41358900000,953258004.60,Health Care,0.946761
US,APH,Amphenol Corporation Common Stock,83.08,1.083,204872531215,973043677.32,Technology,0.946004
US,DHR,Danaher Corporation Common Stock,223.77,0.997,157307189304,1386646971.27,Industrials,0.945337
US,ANET,Arista Networks Inc. Common Stock,205.7,1.096,259433910094,732101521.80,Telecommunications,0.945106
US,XOM,ExxonMobil Holdings Corporation Common Stock,162.14,0.564,666705405194,2024311090.12,Energy,0.944841
US,CSCO,Cisco Systems Inc. Common Stock (DE),106.97,0.507,421738517805,3461789240.68,Telecommunications,0.944208
US,JNJ,Johnson & Johnson Common Stock,270.68,0.561,652311352236,1711709672.52,Health Care,0.943890
US,BKNG,Booking Holdings Inc. Common Stock,157.41,0.969,118274804505,1495645281.90,Consumer Discretionary,0.943805
US,ABNB,Airbnb Inc. Class A Common Stock,151.39,1.21,90650164398,1301610798.87,Consumer Discretionary,0.943743
US,PLTR,Palantir Technologies Inc. Class A Common Stock,192.59,0.417,462611479713,4367163906.76,Technology,0.942632
US,A,Agilent Technologies Inc. Common Stock,172.84,4.549,48728583125,527758125.16,Industrials,0.942193
US,NFLX,Netflix Inc. Common Stock,71.72,0.504,298637753563,2024229439.76,Consumer Discretionary,0.942043
US,BLK,BlackRock Inc. Common Stock,1073.45,1.184,166244406074,538220315.85,Finance,0.941093
US,PFE,Pfizer Inc. Common Stock,28.41,0.816,161927726663,987951442.98,Health Care,0.940458
US,PWR,Quanta Services Inc. Common Stock,643.5,1.355,94806712787,603638392.50,Industrials,0.940386
US,COP,ConocoPhillips Common Stock,129.34,0.976,155380989534,693533496.64,Energy,0.939797
US,JPM,JP Morgan Chase & Co. Common Stock,338.56,0.305,899955518179,2350199218.56,Finance,0.939757
US,DVN,Devon Energy Corporation Common Stock,48.9,1.79,53790000000,860191440.30,Energy,0.939537
US,VRTX,Vertex Pharmaceuticals Incorporated Common Stock,522.38,1.17,132402917479,491590922.80,Health Care,0.937976
US,HLT,Hilton Worldwide Holdings Inc. Common Stock,312.13,1.598,70249510358,525442139.04,Consumer Discretionary,0.937425
US,GEV,GE Vernova Inc. Common Stock,955.04,0.338,254359223198,1607991297.60,Technology,0.936901
US,T,AT&T Inc.,25.45,0.593,174393214793,870843544.45,Telecommunications,0.936304
US,IQV,IQVIA Holdings Inc. Common Stock,275.02,2.673,45268292000,520729468.48,Health Care,0.936206
US,CRM,Salesforce Inc. Common Stock,238.22,0.269,196055060000,2638038989.42,Technology,0.935069
US,BMY,Bristol-Myers Squibb Company Common Stock,61.5,0.572,125626951344,916524537.00,Health Care,0.934518
US,MPC,Marathon Petroleum Corporation Common Stock,390.95,0.662,109788441095,817477622.85,Energy,0.934151
US,AMZN,Amazon.com Inc. Common Stock,249.38,0.044,2689890878585,8239555100.80,Consumer Discretionary,0.934130
US,WFC,Wells Fargo & Company Common Stock,82.18,0.342,248512265432,1005536893.48,Finance,0.934024
US,FANG,Diamondback Energy Inc. Common Stock,189.01,1.81,52927402961,436044557.92,Energy,0.932038
US,CVX,Chevron Corporation Common Stock,205.65,0.068,406317362498,1930599836.10,Energy,0.931886
US,WAT,Waters Corporation Common Stock,430.3,2.314,42276162163,443863486.30,Industrials,0.931699
US,BAC,Bank of America Corporation Common Stock,56.03,0.054,391803690891,2296684716.04,Finance,0.931690
US,OXY,Occidental Petroleum Corporation Common Stock,58.05,1.203,58028949387,571711171.95,Energy,0.931024
US,PM,Philip Morris International Inc Common Stock,191.5,0.346,298474473569,603480078.00,Health Care,0.930170
US,C,Citigroup Inc. Common Stock,132.1,0.129,221589399034,1142494987.30,Finance,0.929498
US,DAL,Delta Air Lines Inc. Common Stock,82.76,1.235,54424881963,517786698.60,Consumer Discretionary,0.929354
US,KR,Kroger Company (The) Common Stock,58.92,2.221,34797486204,476610832.56,Consumer Staples,0.929332
US,KO,Coca-Cola Company (The) Common Stock,88.1,0.011,379054588308,1160195595.60,Consumer Staples,0.927303
US,XYZ,Block Inc. Class A Common Stock,76.74,2.758,46105008300,280450167.00,Technology,0.927290
US,COIN,Coinbase Global Inc. Class A Common Stock,199.21,0.545,52558953431,1470935563.24,Finance,0.926943
US,SYY,Sysco Corporation Common Stock,78.19,1.361,38462752532,536038269.34,Consumer Discretionary,0.926589
US,AZO,AutoZone Inc. Common Stock,2861.75,0.647,46719084671,1379040122.25,Consumer Discretionary,0.926453
US,PH,Parker-Hannifin Corporation Common Stock,974.98,0.388,122957082377,538483403.96,Industrials,0.926397
US,ABBV,AbbVie Inc. Common Stock,265.12,0.015,468498134599,916830030.40,Health Care,0.926194
US,ISRG,Intuitive Surgical Inc. Common Stock,399.52,0.306,141141641742,625440569.60,Health Care,0.926016
US,BNY,The Bank of New York Mellon Corporation Common Stock,150.19,0.455,101904537087,532389156.49,Finance,0.925993
US,EMR,Emerson Electric Company Common Stock,156.14,1.003,87094892000,323511774.76,Technology,0.925731
US,COF,Capital One Financial Corporation Common Stock,196.61,0.26,120617253606,725133266.41,Finance,0.925409
US,WBD,Warner Bros. Discovery Inc. Series A Common Stock,30.84,0.26,77430090204,1422041405.28,Telecommunications,0.925309
US,VEEV,Veeva Systems Inc. Class A Common Stock,274.84,1.511,44499028334,379293766.52,Technology,0.925020
US,ALL,Allstate Corporation (The) Common Stock,227.17,0.669,57441740502,674073135.71,Finance,0.924513
US,HUM,Humana Inc. Common Stock,380.32,1.478,45668942739,341916807.68,Health Care,0.923627
US,CAH,Cardinal Health Inc. Common Stock,222.62,0.61,51549741384,774929311.62,Health Care,0.923117
US,TJX,TJX Companies Inc. (The) Common Stock,131.63,0.03,144789585649,1070711064.24,Consumer Discretionary,0.922844
US,FIX,Comfort Systems USA Inc. Common Stock,1643.39,1.076,57838008335,358906515.66,Industrials,0.922837
US,KEYS,Keysight Technologies Inc. Common Stock,357.54,1.183,60869306127,302230349.70,Industrials,0.922315
US,EQT,EQT Corporation Common Stock,51.87,1.586,32445514920,422025057.09,Energy,0.921805
US,EOG,EOG Resources Inc. Common Stock,142.86,0.719,74934238083,381781064.04,Energy,0.921479
US,STT,State Street Corporation Common Stock,181.09,0.634,49745742624,632500467.69,Finance,0.921230
US,LRCX,Lam Research Corporation Common Stock,307.16,-0.039,384355758360,2427792947.16,Technology,0.920712
US,CIEN,Ciena Corporation Common Stock,358.43,0.708,50828429616,509391396.82,Utilities,0.920427
US,AMAT,Applied Materials Inc. Common Stock,474.25,-0.027,376363587343,1975432887.75,Technology,0.920380
US,HWM,Howmet Aerospace Inc. Common Stock,229.38,0.262,91477064903,511080431.10,Industrials,0.919415
US,TRV,The Travelers Companies Inc. Common Stock,362.39,0.555,75585502223,381831136.33,Finance,0.918871
US,ICE,Intercontinental Exchange Inc. Common Stock,156.93,0.371,88099636845,421129815.36,Finance,0.918723
US,RL,Ralph Lauren Corporation Common Stock,351.86,4.264,20964606615,332333881.16,Industrials,0.918632
US,EXPE,Expedia Group Inc. Common Stock,261.75,1.046,29969299469,595998206.25,Consumer Discretionary,0.918505
US,MRK,Merck & Company Inc. Common Stock (new),147.98,-0.068,365092058991,1526083112.68,Health Care,0.918233
US,ROST,Ross Stores Inc. Common Stock,235.4,0.607,75199262094,342390241.60,Consumer Discretionary,0.918037
US,GDDY,GoDaddy Inc. Class A Common Stock,100.81,4.596,12767355040,965340228.78,Technology,0.917977
US,GE,GE Aerospace Common Stock,319.78,-0.006,331791740407,1192146235.60,Technology,0.917963
US,AME,AMETEK Inc.,247.74,0.523,56797180589,493527561.06,Industrials,0.917869
US,LYV,Live Nation Entertainment Inc. Common Stock,171.06,1.201,40307528092,331291559.88,Consumer Discretionary,0.917196
US,RVTY,Revvity Inc. Common Stock,150.68,6.031,16813838903,382757938.72,Industrials,0.916728
US,CVNA,Carvana Co. Class A Common Stock,64.18,0.36,70627764759,447447171.72,Consumer Discretionary,0.916537
US,CRL,Charles River Laboratories International Inc. Common Stock,294.44,6.17,14056233472,468509983.60,Health Care,0.915974
US,BSX,Boston Scientific Corporation Common Stock,44.68,0.134,64751575222,772854265.92,Health Care,0.915920
US,AAPL,Apple Inc. Common Stock,335.92,-0.326,4902476945600,8308419877.68,Technology,0.915839
US,AMGN,Amgen Inc. Common Stock,406.04,-0.012,219518219310,1025348855.64,Health Care,0.915499
US,ORLY,O'Reilly Automotive Inc. Common Stock,86.24,0.396,69764778702,375169009.60,Consumer Discretionary,0.914211
US,GWW,W.W. Grainger Inc. Common Stock,1279.47,0.693,60264242261,293891700.06,Industrials,0.913930
US,NVDA,NVIDIA Corporation Common Stock,224.58,-0.412,5412378000000,17474166229.74,Technology,0.913556
US,DG,Dollar General Corporation Common Stock,122.53,1.6,27032175279,284859949.54,Consumer Discretionary,0.912862
US,SCHW,Charles Schwab Corporation (The) Common Stock,99.49,-0.01,172051610186,886174940.24,Finance,0.912842
US,EXE,Expand Energy Corporation Common Stock,88.62,1.815,20515865781,348777303.00,Energy,0.911143
US,NTAP,NetApp Inc. Common Stock,197.24,0.464,38741684546,463114194.52,Technology,0.910583
US,BRK/B,Berkshire Hathaway Inc.,505.18,-0.392,1114584378402,1367116600.46,Uncategorized,0.909745
US,OKE,ONEOK Inc. Common Stock,91.18,0.707,57477106237,246431091.84,Utilities,0.909680
US,MSFT,Microsoft Corporation Common Stock,497.93,-0.531,3697401866334,8294398436.80,Technology,0.909403
US,FTNT,Fortinet Inc. Common Stock,178.67,-0.039,131092618382,671734342.79,Technology,0.908802
US,WM,Waste Management Inc. Common Stock,207.96,0.038,83124769665,421877222.16,Utilities,0.908542
US,TSLA,Tesla Inc. Common Stock,377.94,-0.574,1492691942088,9889319767.50,Industrials,0.908261
US,UAL,United Airlines Holdings Inc. Common Stock,111.19,0.424,36090469609,445307499.56,Consumer Discretionary,0.908165
US,TFC,Truist Financial Corporation Common Stock,47.18,0.383,57636323550,300638414.44,Finance,0.907836
US,TMUS,T-Mobile US Inc. Common Stock,165.35,-0.187,177366251210,824520751.30,Telecommunications,0.907763
US,LH,Labcorp Holdings Inc. Common Stock,308.95,1.635,25055845000,242585995.25,Health Care,0.907510
US,SMCI,Super Micro Computer Inc. Common Stock,41.51,0.169,27270633090,1448099761.64,Technology,0.907497
US,RDDT,Reddit Inc. Class A Common Stock,152.72,0.487,29382795007,498266868.24,Technology,0.907307
US,KLAC,KLA Corporation Common Stock,187.11,-0.399,244179764718,1459379226.69,Technology,0.906753
US,LIN,Linde plc Ordinary Shares,468.14,-0.336,215803253507,976163187.30,Basic Materials,0.905703
US,PYPL,PayPal Holdings Inc. Common Stock,52.6,0.171,44997241972,448991233.00,Industrials,0.905365
US,GLW,Corning Incorporated Common Stock,154.15,-0.214,132783011224,832658335.65,Industrials,0.905220
US,DGX,Quest Diagnostics Incorporated Common Stock,236.59,1.541,26113233242,219361752.79,Health Care,0.905135
US,NUE,Nucor Corporation Common Stock,247.96,0.397,56256092621,266860503.04,Industrials,0.905034
US,UBER,Uber Technologies Inc. Common Stock,69.22,-0.288,141386011576,1002285526.20,Consumer Discretionary,0.904841
US,PRU,Prudential Financial Inc. Common Stock,118.75,0.986,40968750000,199886887.50,Finance,0.904641
US,JBL,Jabil Inc. Common Stock,310.69,0.628,32556300681,302439005.67,Technology,0.903510
US,VTRS,Viatris Inc. Common Stock,17.42,1.752,20008452851,239436907.06,Health Care,0.902456
US,MO,Altria Group Inc.,68.88,-0.102,115011961623,508480081.20,Health Care,0.902321
US,MET,MetLife Inc. Common Stock,97.25,0.051,61800131151,334821927.75,Finance,0.901935
US,MCD,McDonald's Corporation Common Stock,237.02,-0.545,167725195678,1750993782.72,Consumer Discretionary,0.901294
US,PSX,Phillips 66 Common Stock,255.87,-0.238,102097481777,704121488.64,Energy,0.900946
US,NKE,Nike Inc. Common Stock,35.99,-0.166,53391118321,1412193974.90,Consumer Discretionary,0.899785
US,MRVL,Marvell Technology Inc. Common Stock,258.95,-0.747,227073255000,3476342637.80,Technology,0.899675
US,ELV,Elevance Health Inc. Common Stock,398.25,-0.078,86368194743,465750587.25,Health Care,0.899483
US,CPAY,Corpay Inc. Common Stock,400.32,1.306,26284850672,183428225.28,Consumer Discretionary,0.899398
US,GPN,Global Payments Inc. Common Stock,85.31,1.56,22574594851,192824998.66,Consumer Discretionary,0.899348
US,TPR,Tapestry Inc. Common Stock,112.12,1.457,22355794937,203783033.28,Consumer Discretionary,0.899304
US,ADP,Automatic Data Processing Inc. Common Stock,263.11,-0.216,104523798732,524563196.33,Technology,0.899071
US,LUV,Southwest Airlines Company Common Stock,41.55,1.243,20326600752,250254611.25,Consumer Discretionary,0.898997
US,TGT,Target Corporation Common Stock,156.15,-0.07,70938435326,522956499.75,Consumer Discretionary,0.898748
US,PGR,Progressive Corporation (The) Common Stock,202.17,-0.473,117535930741,1027751412.00,Finance,0.898663
US,LMT,Lockheed Martin Corporation Common Stock,523.7,-0.187,120865117346,436574649.50,Industrials,0.898468
US,MAR,Marriott International Class A Common Stock,351.51,-0.043,91661957895,388702921.59,Consumer Discretionary,0.898457
US,PLD,Prologis Inc. Common Stock,133.82,-0.105,126871530320,369875268.32,Real Estate,0.898408
US,SYF,Synchrony Financial Common Stock,71.55,1.245,26620717559,179082423.45,Finance,0.898388
US,TRGP,Targa Resources Inc. Common Stock,283.15,0.049,60716143596,277181764.30,Utilities,0.898070
US,VTR,Ventas Inc. Common Stock,86.83,0.219,44539132352,272074598.11,Real Estate,0.897982
US,CAT,Caterpillar Inc. Common Stock,805.25,-0.834,370153204367,1770204427.25,Industrials,0.897758
US,COST,Costco Wholesale Corporation Common Stock,896.48,-0.909,397569878210,2594356641.76,Consumer Discretionary,0.897124
US,RJF,Raymond James Financial Inc. Common Stock,158.76,0.335,30539345238,299181473.64,Finance,0.896443
US,PANW,Palo Alto Networks Inc. Common Stock,389.92,-0.859,318954560000,1548072081.60,Technology,0.896218
US,USB,U.S. Bancorp Common Stock,58.4,-0.137,90990204446,413666530.40,Finance,0.896193
US,GEHC,GE HealthCare Technologies Inc. Common Stock,66.38,0.439,29982933408,263300053.66,Health Care,0.896077
US,DHI,D.R. Horton Inc. Common Stock,140.35,0.128,39256072823,303285262.35,Consumer Discretionary,0.896001
US,CBRE,CBRE Group Inc Common Stock Class A,136.53,0.088,39535715436,325612991.07,Finance,0.895693
US,SPG,Simon Property Group Inc. Common Stock,204.7,0.264,66230995121,178042328.40,Real Estate,0.895649
US,MRSH,Marsh Common Stock,169.93,-0.264,81092510771,543282183.42,Finance,0.895524
US,KHC,The Kraft Heinz Company Common Stock,23.86,0.294,28293754866,321284706.46,Consumer Staples,0.895269
US,ADI,Analog Devices Inc. Common Stock,382.61,-0.68,185399592564,907733807.58,Technology,0.895204
US,ED,Consolidated Edison Inc. Common Stock,102.71,0.097,37985098895,310862086.00,Utilities,0.895021
US,TXN,Texas Instruments Incorporated Common Stock,270.65,-0.723,247170486216,904630574.05,Technology,0.895021
US,MSCI,MSCI Inc. Common Stock,556.08,0.068,40427016000,300919911.60,Consumer Discretionary,0.894071
US,UNP,Union Pacific Corporation Common Stock,274.07,-0.53,162818271737,572231301.14,Industrials,0.893697
US,VST,Vistra Corp. Common Stock,137.94,-0.022,46297518798,502798059.06,Utilities,0.893250
US,SBUX,Starbucks Corporation Common Stock,93.65,-0.521,106761000000,677330367.80,Consumer Discretionary,0.893207
US,EQIX,Equinix Inc. Common Stock REIT,1034.76,-0.279,102101513805,410958038.28,Real Estate,0.893048
US,CRWD,CrowdStrike Holdings Inc. Class A Common Stock,259.67,-1.074,265885160422,2181046490.67,Technology,0.891975
US,AVGO,Broadcom Inc. Common Stock,350.36,-1.304,1672488959501,7333316839.80,Technology,0.891876
US,TDG,Transdigm Group Incorporated Common Stock,1105.28,0,61096037552,336743447.04,Industrials,0.891781
US,CHTR,Charter Communications Inc. Class A Common Stock New,117.55,0.806,13468584185,425693336.55,Telecommunications,0.891316
US,CASY,Casey's General Stores Inc. Common Stock,598.85,0.258,22133596008,366981867.35,Consumer Discretionary,0.890693
US,PNC,PNC Financial Services Group Inc. (The) Common Stock,223.34,-0.308,89100078588,384975401.46,Finance,0.890205
US,LITE,Lumentum Holdings Inc. Common Stock,929.04,-0.85,83334888000,3416123744.88,Telecommunications,0.889853
US,MS,Morgan Stanley Common Stock,196.32,-1.043,308333574445,1020608784.00,Finance,0.889398
US,CFG,Citizens Financial Group Inc. Common Stock,64.73,0.186,27262773487,277086603.96,Finance,0.889282
US,ADBE,Adobe Inc. Common Stock,238.93,-0.731,92991556000,879224649.06,Technology,0.888857
US,APP,Applovin Corporation Class A Common Stock,312.47,-0.882,104568397970,1241803587.91,Technology,0.888673
US,ULTA,Ulta Beauty Inc. Common Stock,548.78,0.914,23464444935,170075702.48,Consumer Discretionary,0.888662
US,FCX,Freeport-McMoRan Inc. Common Stock,72.08,-0.689,103508143058,658972442.96,Basic Materials,0.888635
US,FISV,Fiserv Inc. Common Stock,45.98,0.065,24450633832,374990303.82,Consumer Discretionary,0.888229
US,PG,Procter & Gamble Company (The) Common Stock,145.68,-1.16,338623408181,1082542398.48,Consumer Discretionary,0.887796
US,TER,Teradyne Inc. Common Stock,387.7,-0.37,60613308775,516987869.80,Industrials,0.887583
US,CCL,Carnival Corporation Ltd. Common Shares,21.79,-0.046,29844654303,621086776.26,Consumer Discretionary,0.887430
US,MDT,Medtronic plc. Ordinary Shares,88.51,-0.885,113216494644,970753605.28,Health Care,0.887426
US,HON,Honeywell International Inc. Common Stock,211.79,-0.367,67124724718,454260958.35,Industrials,0.887397
US,FIS,Fidelity National Information Services Inc. Common Stock,34.99,0.923,18044550036,198379338.99,Consumer Discretionary,0.886766
US,CSX,CSX Corporation Common Stock,46.95,-0.509,86973697353,448602320.25,Industrials,0.886409
US,GS,Goldman Sachs Group Inc. (The) Common Stock,923.29,-1.396,268835649292,2173936162.66,Finance,0.886326
US,WSM,Williams-Sonoma Inc. Common Stock (DE),228.66,0.364,26931385698,197490440.76,Consumer Discretionary,0.886102
US,O,Realty Income Corporation Common Stock,55.41,-0.36,52429941209,519079328.52,Real Estate,0.885747
US,SPGI,S&P Global Inc. Common Stock,403.25,-0.8,118878100000,595024812.25,Finance,0.885501
US,EME,EMCOR Group Inc. Common Stock,751.96,0.021,33168881156,246789512.20,Industrials,0.884727
US,HD,Home Depot Inc. (The) Common Stock,292.18,-1.53,291504954925,2062488978.06,Consumer Discretionary,0.884011
US,BBY,Best Buy Co. Inc. Common Stock,91,0.22,19085220518,307228285.00,Consumer Discretionary,0.883932
US,HUBB,Hubbell Inc Common Stock,465.88,0.47,24613638177,176391951.48,Technology,0.883770
US,DASH,DoorDash Inc. Class A Common Stock,187.53,-0.919,81256362126,1037207989.23,Consumer Discretionary,0.883635
US,GILD,Gilead Sciences Inc. Common Stock,149.69,-1.11,185608887152,759714920.95,Health Care,0.883561
US,CMI,Cummins Inc. Common Stock,521.07,-0.682,71732834241,618108866.10,Industrials,0.883433
US,FAST,Fastenal Company Common Stock,50.73,-0.51,58212551878,521171611.20,Consumer Discretionary,0.883046
US,ROK,Rockwell Automation Inc. Common Stock,432.93,0.009,48173832472,174434423.88,Industrials,0.883003
US,KEY,KeyCorp Common Stock,20.25,0.049,21609353219,335192478.75,Finance,0.882845
US,QCOM,QUALCOMM Incorporated Common Stock,194.26,-1.511,204018441493,1765632053.90,Technology,0.882322
US,CVS,CVS Health Corporation Common Stock,85.05,-0.943,108776429883,627909011.10,Consumer Staples,0.881848
US,SO,Southern Company (The) Common Stock,82.89,-0.695,95353586252,407718088.65,Utilities,0.881421
US,REGN,Regeneron Pharmaceuticals Inc. Common Stock,796.02,-0.723,81954229548,479726229.12,Health Care,0.881310
US,ITW,Illinois Tool Works Inc. Common Stock,272,-0.519,77465600000,363947968.00,Industrials,0.881042
US,STLD,Steel Dynamics Inc.,235.2,0.388,33710766298,132499920.00,Industrials,0.880685
US,VLTO,Veralto Corp Common Stock,96.2,0.334,23452919693,189565467.00,Industrials,0.880510
US,RSG,Republic Services Inc. Common Stock,212.72,-0.178,65137624680,234920310.08,Utilities,0.880242
US,BA,Boeing Company (The) Common Stock,196.8,-1.566,155544819936,1894200590.40,Industrials,0.880131
US,DLTR,Dollar Tree Inc. Common Stock,113.5,0.3,21296038937,210105298.00,Consumer Discretionary,0.879642
US,PEP,PepsiCo Inc. Common Stock,128.15,-1.559,174910853158,1235742376.55,Consumer Staples,0.879447
US,PSKY,Paramount Skydance Corporation Class B Common Stock,10.18,2.209,11421408030,155948885.92,Industrials,0.879244
US,ATO,Atmos Energy Corporation Common Stock,156.42,0.115,26433189460,190621858.68,Utilities,0.878904
US,CME,CME Group Inc. Class A Common Stock,268.91,-0.698,96694459613,337482318.91,Finance,0.878783
US,CEG,Constellation Energy Corporation Common Stock,261.62,-0.856,92693896494,441324685.04,Utilities,0.878483
US,FITB,Fifth Third Bancorp Common Stock,51.46,-0.445,46668691343,420515218.86,Finance,0.878330
US,HOOD,Robinhood Markets Inc. Class A Common Stock,120.82,-1.532,108627120224,1809610425.98,Finance,0.878253
US,DLR,Digital Realty Trust Inc. Common Stock,181,-0.248,66976547856,233338684.00,Real Estate,0.878111
US,DUK,Duke Energy Corporation (Holding Company) Common Stock,113.23,-0.823,88285679313,425429907.37,Utilities,0.877830
US,HBAN,Huntington Bancshares Incorporated Common Stock,15.31,-0.455,30932550986,714854657.79,Finance,0.877645
US,WEC,WEC Energy Group Inc. Common Stock,100.9,-0.267,32878202745,429617468.60,Utilities,0.877642
US,NTRS,Northern Trust Corporation Common Stock,174.5,0.293,31925761449,134811196.50,Finance,0.877211
US,ECL,Ecolab Inc. Common Stock,275.37,-0.488,77194087408,268807657.53,Consumer Discretionary,0.876467
US,VRT,Vertiv Holdings LLC Class A Common Stock,245.3,-1.399,94437598837,1012718597.00,Technology,0.876466
US,CL,Colgate-Palmolive Company Common Stock,85.32,-0.71,68014785770,407714076.72,Consumer Discretionary,0.876229
US,AEP,American Electric Power Company Inc. Common Stock,117.57,-0.701,64004796675,411980211.39,Utilities,0.876049
US,TPL,Texas Pacific Land Corporation Common Stock,338.25,0.748,23330686525,117043294.50,Energy,0.875929
US,KMI,Kinder Morgan Inc. Common Stock,31.25,-0.383,69587565281,240179937.50,Utilities,0.875904
US,WMT,Walmart Inc. Common Stock,107.59,-2.66,853591758069,2816059799.28,Consumer Discretionary,0.875418
US,DELL,Dell Technologies Inc. Class C Common Stock,536.02,-2.512,340808350255,4268328868.06,Technology,0.875372
US,IFF,International Flavors & Fragrances Inc. Common Stock,85.85,0.163,21904624324,189130984.00,Industrials,0.875062
US,NEE,NextEra Energy Inc. Common Stock,75.62,-1.818,157741672165,1142091355.46,Utilities,0.874690
US,WMB,Williams Companies Inc. (The) Common Stock,70.58,-0.745,86331160174,308408061.92,Utilities,0.874573
US,SYK,Stryker Corporation Common Stock,269.75,-1.335,103468829159,618132664.50,Health Care,0.873701
US,NWSA,News Corporation Class A Common Stock,28.44,1.138,15370284325,121408454.52,Consumer Discretionary,0.873559
US,LHX,L3Harris Technologies Inc. Common Stock,238.04,-0.489,44326527193,345366761.08,Industrials,0.873382
US,LOW,Lowe's Companies Inc. Common Stock,188.49,-1.5,105753072041,705491869.89,Consumer Discretionary,0.872737
US,MCK,McKesson Corporation Common Stock,869.36,-1.265,101358997978,516005150.56,Health Care,0.872498
US,NET,Cloudflare Inc. Class A Common Stock,358.82,1.842,127768523336,1133948705.12,Technology,0.872457
US,RTX,RTX Corporation Common Stock,188.61,-1.863,254200663540,643172548.26,Industrials,0.871876
US,NSC,Norfolk Southern Corporation Common Stock,313.17,-0.584,70340604172,254452504.02,Industrials,0.871804
US,KVUE,Kenvue Inc. Common Stock,17.61,-0.34,33824820754,308080927.38,Consumer Discretionary,0.871760
US,VMRK,Vivmark Residential Common Shares of Beneficial Interest,61.05,-0.392,48076875000,256353223.50,Real Estate,0.871721
US,NOW,ServiceNow Inc. Common Stock,137.78,-2.131,142464520000,1319758659.42,Technology,0.871551
US,CARR,Carrier Global Corporation Common Stock,54.87,-0.417,45230715878,277036709.55,Industrials,0.871348
US,LEN,Lennar Corporation Class A Common Stock,81.47,-0.061,19625727219,389726735.48,Consumer Discretionary,0.871239
US,CRWV,CoreWeave Inc. Class A Common Stock,90.13,3.717,49709993938,3041794305.58,Technology,0.871185
US,RKLB,Rocket Lab Corporation Common Stock,73.61,4.694,46209394388,1862700019.46,Industrials,0.870676
US,PFG,Principal Financial Group Inc Common Stock,114.15,0.202,24440044770,139330919.25,Finance,0.870649
US,DE,Deere & Company Common Stock,694.94,-2.049,187373483815,817019414.86,Industrials,0.870506
US,ORCL,Oracle Corporation Common Stock,139.54,-3.473,421932121440,7902073034.38,Technology,0.870424
US,CNC,Centene Corporation Common Stock,61.92,-0.258,30588170400,283108394.88,Health Care,0.870348
US,COR,Cencora Inc. Common Stock,309.87,-0.772,59131613619,335104883.19,Health Care,0.870200
US,URI,United Rentals Inc. Common Stock,1021.67,-1,63591283737,454369342.44,Consumer Discretionary,0.870155
US,MDLZ,Mondelez International Inc. Class A Common Stock,60.86,-0.944,77676108349,353522837.68,Consumer Staples,0.870082
US,CI,The Cigna Group Common Stock,265.5,-1.033,70155849033,428241942.00,Health Care,0.869500
US,NTRA,Natera Inc. Common Stock,408.79,4.606,58924695254,802779349.26,Health Care,0.869233
US,SNDK,Sandisk Corporation Common Stock,1753.62,-3.465,256763288534,14435568362.16,Technology,0.869192
US,IBM,International Business Machines Corporation Common Stock,227.06,-2.449,213921034593,942206132.46,Technology,0.868851
US,PCG,Pacific Gas & Electric Co. Common Stock,12.32,-0.725,33018961311,525511916.16,Utilities,0.868658
US,NEM,Newmont Corporation,121.3,-1.821,127812872472,620424997.40,Basic Materials,0.868408
US,FOXA,Fox Corporation Class A Common Stock,63.84,-0.188,26919644028,261321953.76,Industrials,0.868289
US,KMB,Kimberly-Clark Corporation Common Stock,97.22,-0.491,32333334074,355188311.78,Consumer Discretionary,0.868110
US,ADM,Archer-Daniels-Midland Company Common Stock,81.88,-0.329,39462850656,224022124.28,Consumer Staples,0.867049
US,MSI,Motorola Solutions Inc. Common Stock,454.91,-1.201,75284779099,419726805.69,Technology,0.867029
US,MPWR,Monolithic Power Systems Inc. Common Stock,1335.55,-1.47,65632933650,657931996.50,Technology,0.866761
US,APD,Air Products and Chemicals Inc. Common Stock,284.49,-0.864,63351806430,297678671.91,Basic Materials,0.866609
US,HST,Host Hotels & Resorts Inc. Common Stock,22.21,0.271,15216612902,168219717.13,Real Estate,0.866440
US,BX,Blackstone Inc. Common Stock,117.21,-1.727,87980769612,619779638.91,Finance,0.866327
US,MCHP,Microchip Technology Incorporated Common Stock,74.69,-1.112,40557319131,651776608.56,Technology,0.865594
US,CMCSA,Comcast Corporation Class A Common Stock,22.13,-1.863,78531327360,798625381.91,Telecommunications,0.865366
US,ABT,Abbott Laboratories Common Stock,101.07,-2.338,174889839727,628334199.54,Health Care,0.865284
US,SHW,Sherwin-Williams Company (The) Common Stock,320.4,-1.856,77779711580,798011308.80,Consumer Discretionary,0.865139
US,NDSN,Nordson Corporation Common Stock,323.26,0.572,18005377053,107874448.08,Industrials,0.864958
US,AJG,Arthur J. Gallagher & Co. Common Stock,227.13,-1.093,58213419000,402108226.44,Finance,0.864709
US,TWLO,Twilio Inc. Class A Common Stock,299.66,3.082,46020350425,1113916229.22,Technology,0.864501
US,RVMD,Revolution Medicines Inc. Common Stock,199.86,4.781,42837276501,812863397.04,Health Care,0.864341
US,ROP,Roper Technologies Inc. Common Stock,364.02,-0.639,36001896153,291164309.16,Industrials,0.863226
US,RMD,ResMed Inc. Common Stock,221.89,-0.184,32008144178,177239740.97,Health Care,0.862794
US,NDAQ,Nasdaq Inc. Common Stock,94.55,-0.933,52851310523,302097839.60,Finance,0.862426
US,NOC,Northrop Grumman Corporation Common Stock,508.98,-1.058,72307238973,273385882.50,Industrials,0.862326
US,PCAR,PACCAR Inc. Common Stock,110.67,-1.267,58252809349,408631489.14,Industrials,0.862056
US,BE,Bloom Energy Corporation Class A Common Stock,266.65,-3.103,78535716811,4821343713.85,Energy,0.861998
US,GD,General Dynamics Corporation Common Stock,336.29,-2.051,90985679107,528151515.96,Industrials,0.861455
US,MMM,3M Company Common Stock,167.52,-1.632,86393819296,407243465.28,Health Care,0.861300
US,DXCM,DexCom Inc. Common Stock,87.47,-0.296,33007746115,187361264.82,Health Care,0.861224
US,WDC,Western Digital Corporation Common Stock,450.31,-4.936,162355192493,3247891946.39,Technology,0.861146
US,AXON,Axon Enterprise Inc. Common Stock,445,-1.245,36150649675,636362015.00,Industrials,0.861044
US,WDAY,Workday Inc. Class A Common Stock,190.99,-0.723,46028590000,238530657.83,Technology,0.860818
US,BKR,Baker Hughes Company Class A Common Stock,57.29,-1.275,56870297528,405780601.38,Consumer Discretionary,0.860803
US,BIIB,Biogen Inc. Common Stock,226.36,-0.514,33445594987,234223972.76,Health Care,0.859954
US,AON,Aon plc Class A Ordinary Shares (Ireland),276.09,-1.957,58565711073,749121623.16,Finance,0.859633
US,AMT,American Tower Corporation (REIT) Common Stock,167.26,-2.061,77936477628,538107366.66,Real Estate,0.859622
US,APA,APA Corporation Common Stock,43.68,-0.046,15303353957,268042145.28,Energy,0.859525
