시장,종목코드,종목명,업종,가격,당일등락률,시가총액,거래량,거래대금,1주수익률,1개월수익률,3개월수익률,6개월수익률,의심수익률,1단계선별점수,산식버전
한국,222800,심텍,Technology,149500,0.95,5753436637000,584741,86694553100,14.3841,42.1103,27.0178,163.2042,없음,0.9569498314,MSS7.1-S1-KR-1.0.0
한국,036540,SFA반도체,Technology,10570,-0.47,1738345402710,6183347,64581612360,18.4978,96.1039,71.8699,54.9853,1개월,0.9454993621,MSS7.1-S1-KR-1.0.0
한국,096770,SK이노베이션,Energy,149200,5.82,25222675969600,999300,148676435650,9.4644,14.6810,51.6260,35.5132,없음,0.9427346780,MSS7.1-S1-KR-1.0.0
한국,010170,대한광통신,Other,17700,-0.62,2752096182000,8890968,158123523360,9.9379,34.6008,23.1733,114.5455,없음,0.9404207148,MSS7.1-S1-KR-1.0.0
한국,229640,LS에코에너지,Financials,64000,7.56,1959992256000,634008,40717518950,13.0742,49.1841,17.4312,42.3804,없음,0.9253922682,MSS7.1-S1-KR-1.0.0
한국,092870,엑시콘,Industrials,42950,13.03,560531731150,1152464,49798031725,34.2188,110.5392,112.6238,45.5932,1개월,0.9244140210,MSS7.1-S1-KR-1.0.0
한국,003490,대한항공,Industrials,31500,0.32,11598949183500,4154511,130982068100,8.4337,21.1538,15.1737,26.7606,없음,0.9233274000,MSS7.1-S1-KR-1.0.0
한국,036930,주성엔지니어링,Industrials,209500,2.95,9737794849500,873557,180622863750,3.7129,26.2048,14.8575,170.6718,없음,0.9216554733,MSS7.1-S1-KR-1.0.0
한국,010950,S-Oil,Energy,155600,0.84,17517882435200,376025,58872144050,7.9806,10.1983,45.0140,43.5424,없음,0.9214231927,MSS7.1-S1-KR-1.0.0
한국,144960,뉴파워프라즈마,Industrials,12790,4.66,558828660960,1440331,18253979650,39.0217,33.3681,76.4138,135.9779,없음,0.9213442093,MSS7.1-S1-KR-1.0.0
한국,003160,디아이,Technology,36750,5.6,1040025000000,774795,28182485225,17.0382,61.5385,54.0881,3.2303,없음,0.9208250838,MSS7.1-S1-KR-1.0.0
한국,131290,티에스이,Technology,289000,2.85,3196752981000,72302,20758374500,18.9300,17.7189,15.8317,149.5682,없음,0.9194400963,MSS7.1-S1-KR-1.0.0
한국,000500,가온전선,Other,318500,-0.93,9484167829500,154317,48994969750,27.6553,102.2222,2.2472,178.4091,1개월,0.9194257430,MSS7.1-S1-KR-1.0.0
한국,098120,마이크로컨텍솔,Technology,58000,1.93,482140428000,260298,15588447250,16.0000,49.2921,136.7347,122.2222,없음,0.9141112246,MSS7.1-S1-KR-1.0.0
한국,159010,아스플로,Industrials,29800,22.89,397375222200,925696,27126742900,39.5785,49.0745,55.5324,458.0524,6개월|당일,0.9131120051,MSS7.1-S1-KR-1.0.0
한국,080580,오킨스전자,Technology,24850,8.04,524110231750,1050265,26204884500,12.4434,53.6797,68.7033,36.3138,없음,0.9125412181,MSS7.1-S1-KR-1.0.0
한국,446540,메가터치,Other,10900,15.47,316962309900,3520445,38921530020,21.7877,53.5211,86.9640,166.1783,없음,0.9122169852,MSS7.1-S1-KR-1.0.0
한국,064290,인텍플러스,Industrials,54800,-1.44,710075274400,267896,14628092200,8.0868,67.5841,33.8217,226.7740,없음,0.9115774966,MSS7.1-S1-KR-1.0.0
한국,103590,일진전기,Other,81700,6.8,3895896363000,999539,80921351650,16.0511,23.6006,10.2564,5.6921,없음,0.9107575426,MSS7.1-S1-KR-1.0.0
한국,417840,저스템,Industrials,17080,7.56,391929311480,1983085,33170428755,17.5499,48.0069,39.2013,152.6627,없음,0.9101963846,MSS7.1-S1-KR-1.0.0
한국,030530,원익홀딩스,Materials,28300,6.79,2185834862300,6640185,192893126575,11.8577,47.0130,30.4147,-13.9818,없음,0.9095052519,MSS7.1-S1-KR-1.0.0
한국,252990,샘씨엔에스,Technology,17930,3.22,1079706749770,637243,11511043865,8.0120,34.5086,45.5357,78.2306,없음,0.9075401475,MSS7.1-S1-KR-1.0.0
한국,119850,지엔씨에너지,Utilities,56100,2.19,922783794900,445029,24956907000,18.4794,14.4898,181.6265,68.4685,3개월,0.9074664621,MSS7.1-S1-KR-1.0.0
한국,281820,케이씨텍,Technology,86800,7.69,1718523774800,298491,25587113350,23.1206,33.5385,6.5031,87.0690,없음,0.9070700799,MSS7.1-S1-KR-1.0.0
한국,046970,우리로,Other,7910,3.94,346655742090,11635487,95135681205,9.2541,84.8131,30.7438,72.8962,없음,0.9021191894,MSS7.1-S1-KR-1.0.0
한국,007660,이수페타시스,Technology,118900,5.31,8728356139100,929301,109461510850,10.5019,18.1909,10.8108,-1.0815,없음,0.9013589798,MSS7.1-S1-KR-1.0.0
한국,192650,드림텍,Technology,8450,-0.94,556743705050,836268,7092574680,18.8467,79.0254,88.1960,18.6798,없음,0.9007048691,MSS7.1-S1-KR-1.0.0
한국,000150,두산,Technology,1512000,2.65,24485078520000,79240,118116220500,9.0123,39.3548,-2.1359,31.3640,없음,0.9000149578,MSS7.1-S1-KR-1.0.0
한국,053800,안랩,Technology,74300,4.94,826699395800,128505,9493761250,15.0155,30.5800,41.5238,20.4214,없음,0.8996536409,MSS7.1-S1-KR-1.0.0
한국,095610,테스,Industrials,161900,8.95,3134384000000,358301,56509219850,19.3073,21.3643,-0.3692,156.9841,없음,0.8984092357,MSS7.1-S1-KR-1.0.0
한국,437730,삼현,Industrials,51900,-3.71,1645622727300,403680,21317535800,4.8485,61.4308,32.3980,0.5814,없음,0.8978609261,MSS7.1-S1-KR-1.0.0
한국,140410,메지온,Healthcare,82200,4.31,2517101602800,132585,10914246150,14.0083,27.0479,38.1513,-5.8419,없음,0.8968882278,MSS7.1-S1-KR-1.0.0
한국,440110,파두,Technology,81600,12.86,4089059803200,1278892,103099823600,37.6054,31.6129,-5.4461,44.1696,없음,0.8964192574,MSS7.1-S1-KR-1.0.0
한국,067310,하나마이크론,Technology,46200,1.2,3071878147800,1706121,78283234600,32.1888,33.9130,-4.2487,41.5008,없음,0.8944055118,MSS7.1-S1-KR-1.0.0
한국,403870,HPSP,Industrials,55500,2.21,4567650000000,1404443,77548253400,3.9326,26.2799,9.6838,13.8462,없음,0.8935200055,MSS7.1-S1-KR-1.0.0
한국,059090,미코,Technology,22550,-0.22,753548343900,359915,8063434975,13.9464,30.3468,22.6210,59.1390,없음,0.8913815075,MSS7.1-S1-KR-1.0.0
한국,084370,유진테크,Industrials,163600,9.5,3749064471200,270216,43001863900,16.5242,20.5601,1.1125,27.3152,없음,0.8897459466,MSS7.1-S1-KR-1.0.0
한국,001820,삼화콘덴서,Technology,146900,-0.34,1527025500000,618327,92014605700,2.0848,58.9827,8.0147,170.0368,없음,0.8880755563,MSS7.1-S1-KR-1.0.0
한국,456010,아이씨티케이,Technology,22600,1.57,327753110000,1492535,35347643925,22.0302,39.3342,16.4948,63.0592,없음,0.8865067325,MSS7.1-S1-KR-1.0.0
한국,425420,티에프이,Technology,64300,-0.16,793923738300,67134,4342503050,14.4128,53.0952,48.1567,5.2373,없음,0.8863744541,MSS7.1-S1-KR-1.0.0
한국,064760,티씨케이,Materials,286000,4.95,3197312976000,48692,13745289250,5.9259,25.7143,10.8527,24.3478,없음,0.8861687854,MSS7.1-S1-KR-1.0.0
한국,095340,ISC,Industrials,212500,2.16,4504374825000,117738,24686123500,10.7348,37.8080,11.5486,-10.9015,없음,0.8855928230,MSS7.1-S1-KR-1.0.0
한국,204270,제이앤티씨,Technology,23800,-4.99,1376793490800,1055612,25593965575,10.4408,28.1637,6.0134,39.1813,없음,0.8854269072,MSS7.1-S1-KR-1.0.0
한국,180640,한진칼,Financials,140100,-2.37,9353394727500,70054,9869157150,3.3186,15.3086,22.8947,15.4988,없음,0.8803031216,MSS7.1-S1-KR-1.0.0
한국,077360,덕산하이메탈,Technology,13140,1.62,597042206280,713342,9385748275,23.2645,39.0476,13.2759,17.5313,없음,0.8793520834,MSS7.1-S1-KR-1.0.0
한국,024840,KBI메탈,Materials,6350,-1.24,276011430450,2032142,12968095335,12.7886,22.1154,56.7901,203.8278,없음,0.8745612778,MSS7.1-S1-KR-1.0.0
한국,396300,HT로보틱스,Industrials,6010,29.95,159201895000,12897056,71363086667,28.6938,39.1204,73.1988,59.2053,당일,0.8735261033,MSS7.1-S1-KR-1.0.0
한국,010580,에스엠벡셀,Industrials,2765,2.03,307611116400,2953642,8171868886,8.0078,82.3879,62.9346,41.7949,없음,0.8704733678,MSS7.1-S1-KR-1.0.0
한국,353200,대덕전자,Technology,119400,6.32,5900380845000,1578412,184015317200,17.4041,14.1491,-13.5409,53.8660,없음,0.8685949385,MSS7.1-S1-KR-1.0.0
한국,009150,삼성전기,Technology,1507000,1.41,112563399872000,496091,743457672000,9.1238,14.3399,-23.2688,244.8513,없음,0.8679906781,MSS7.1-S1-KR-1.0.0
한국,000990,DB하이텍,Technology,132000,0.99,5742605616000,413298,54022998350,5.6000,51.5499,-13.3858,58.2734,없음,0.8650414361,MSS7.1-S1-KR-1.0.0
한국,005930,삼성전자,Technology,285500,3.25,1669112542584000,20864376,5926486634990,12.6233,11.0895,-16.1527,50.5008,없음,0.8649693028,MSS7.1-S1-KR-1.0.0
한국,290550,디케이티,Technology,22300,4.45,446027429000,235256,5181342725,32.3442,38.3375,15.4842,12.0603,없음,0.8635047014,MSS7.1-S1-KR-1.0.0
한국,066570,LG전자,Technology,209000,-3.46,34042889342000,546536,114955326500,4.5000,4.6046,2.2005,82.8521,없음,0.8629930098,MSS7.1-S1-KR-1.0.0
한국,950260,인제니아테라퓨틱스(Reg.S),Healthcare,24400,4.05,1206448410800,3339114,79268095725,55.5131,61.0561,,,1주,0.8623263518,MSS7.1-S1-KR-1.0.0
한국,012210,삼미금속,Industrials,12440,-8.12,286761642760,2694919,33897534795,13.7112,71.1142,56.6751,-12.3944,없음,0.8614670602,MSS7.1-S1-KR-1.0.0
한국,034730,SK,Financials,611000,3.91,44299151533000,129962,78403933000,10.8893,11.2933,-14.1854,77.8748,없음,0.8611480316,MSS7.1-S1-KR-1.0.0
한국,240810,원익IPS,Industrials,133700,2.61,6562517563700,2584001,353053961450,11.9765,25.6579,-11.2218,-0.7424,없음,0.8609434973,MSS7.1-S1-KR-1.0.0
한국,319660,피에스케이,Industrials,144800,10.62,4194380187200,561095,79081592600,11.8147,15.5626,-14.6730,81.4536,없음,0.8603652305,MSS7.1-S1-KR-1.0.0
한국,006340,대원전선,Other,13490,-1.24,1057810471840,1548933,21037840590,5.8870,4.7360,20.6619,146.1679,없음,0.8599893843,MSS7.1-S1-KR-1.0.0
한국,219130,타이거일렉,Technology,80800,5.07,510194632000,37792,2999571350,8.0214,27.6461,28.6624,146.7176,없음,0.8596033485,MSS7.1-S1-KR-1.0.0
한국,402340,SK스퀘어,Financials,1190000,5.03,156989557620000,963292,1132505220813,16.6667,10.5948,-33.8521,100.0000,없음,0.8585963942,MSS7.1-S1-KR-1.0.0
한국,001440,대한전선,Other,30950,-2.06,6065970846200,3032595,94512213125,10.9319,15.9176,-9.3704,6.9085,없음,0.8584517915,MSS7.1-S1-KR-1.0.0
한국,115440,우리넷,Technology,12120,29.9,130826819040,7090222,79614736675,25.3361,72.4040,41.4236,22.4242,당일,0.8576580129,MSS7.1-S1-KR-1.0.0
한국,006120,SK디스커버리,Financials,60300,4.87,1050049185300,51651,3048621800,8.6486,18.2353,37.0455,2.2034,없음,0.8568110343,MSS7.1-S1-KR-1.0.0
한국,452260,한화갤러리아,Consumer,2765,1.65,536021821650,1576380,4369612785,5.9387,42.1594,30.4245,8.0078,없음,0.8564993968,MSS7.1-S1-KR-1.0.0
한국,340450,지씨지놈,Other,8180,12.21,193463486740,1188856,9428923255,21.5453,51.7625,83.2027,9.7987,없음,0.8553398852,MSS7.1-S1-KR-1.0.0
한국,443060,HD현대마린솔루션,Other,239000,-1.65,10715196940000,57461,13867663450,1.0571,15.7385,9.1324,32.9255,없음,0.8548224020,MSS7.1-S1-KR-1.0.0
한국,253590,네오셈,Industrials,13680,3.64,600130163520,2779052,39157988275,14.0000,35.5798,19.0601,-22.0068,없음,0.8547023103,MSS7.1-S1-KR-1.0.0
한국,160190,하이젠알앤엠,Utilities,29400,2.08,908107200000,187457,5506787800,22.7557,60.4803,28.3843,-23.8342,없음,0.8540001108,MSS7.1-S1-KR-1.0.0
한국,077500,유니퀘스트,Industrials,9190,7.61,198504937380,805775,7224549385,25.0340,33.3817,47.0400,48.2258,없음,0.8536433207,MSS7.1-S1-KR-1.0.0
한국,039030,이오테크닉스,Industrials,481500,1.69,5931863325000,71864,34260840000,2.8846,24.0979,-1.0277,13.6954,없음,0.8528048859,MSS7.1-S1-KR-1.0.0
한국,079370,제우스,Industrials,12850,15.25,398568321500,2179697,27640500285,27.4802,33.5759,30.7223,-21.6941,없음,0.8526260756,MSS7.1-S1-KR-1.0.0
한국,357780,솔브레인,Materials,370000,9.79,2878069420000,58240,21147802750,11.1111,12.1212,9.6296,-13.3489,없음,0.8514179755,MSS7.1-S1-KR-1.0.0
한국,060370,LS마린솔루션,Technology,33650,1.51,1757837437100,165986,5527330800,4.1796,9.9673,32.4803,11.4238,없음,0.8513445944,MSS7.1-S1-KR-1.0.0
한국,062040,산일전기,Utilities,205500,0.24,6297105675000,124718,25446226750,4.6867,24.4700,-7.8475,34.4895,없음,0.8513156240,MSS7.1-S1-KR-1.0.0
한국,138040,메리츠금융지주,Financials,125600,-2.56,21018817488800,148894,18766875350,0.4800,8.8388,21.3527,18.3789,없음,0.8510207139,MSS7.1-S1-KR-1.0.0
한국,203650,드림시큐리티,Technology,2790,3.72,283755510360,15868736,46055512140,4.6904,38.1188,9.6267,72.9696,없음,0.8488855581,MSS7.1-S1-KR-1.0.0
한국,354320,알멕,Materials,42200,12.68,269716278200,281298,11503556250,20.9169,39.2739,22.3188,-3.2110,없음,0.8479833924,MSS7.1-S1-KR-1.0.0
한국,000660,SK하이닉스,Technology,1862000,1.2,1360176783630000,2947714,5480333530143,5.8556,11.4303,-27.8295,88.8438,없음,0.8466219019,MSS7.1-S1-KR-1.0.0
한국,078350,한양디지텍,Technology,27650,-2.47,421507162300,367261,9990468800,55.2499,31.6667,17.9104,5.3333,1주,0.8465039602,MSS7.1-S1-KR-1.0.0
한국,020560,아시아나항공,Industrials,8360,-0.12,1722082343960,276249,2326716815,6.9054,18.2461,15.1515,19.4286,없음,0.8464078144,MSS7.1-S1-KR-1.0.0
한국,096530,씨젠,Healthcare,34000,-0.58,1588969668000,164325,5598570650,4.7766,5.7543,26.1596,52.8090,없음,0.8457458997,MSS7.1-S1-KR-1.0.0
한국,044450,KSS해운,Industrials,11860,17.89,267769446500,892666,10471908500,16.9625,17.7756,26.3046,10.9448,없음,0.8455215043,MSS7.1-S1-KR-1.0.0
한국,232140,와이씨,Industrials,14250,-0.42,1169146237500,1780267,25395537070,19.8486,44.9644,9.8689,-29.4554,없음,0.8452198743,MSS7.1-S1-KR-1.0.0
한국,086450,동국제약,Healthcare,21350,4.15,965669467000,821174,17668924925,2.3981,11.1400,17.3722,17.9558,없음,0.8446145796,MSS7.1-S1-KR-1.0.0
한국,484120,도우인시스,Technology,23800,4.85,260786643600,119147,2876085225,30.9851,27.3408,48.1021,16.3814,없음,0.8428364778,MSS7.1-S1-KR-1.0.0
한국,031980,피에스케이홀딩스,Industrials,163200,3.16,3518982864000,98410,15858437050,-2.1583,48.0944,32.7909,60.7882,없음,0.8418964630,MSS7.1-S1-KR-1.0.0
한국,029460,케이씨,Technology,43350,-0.23,477740192250,35375,1531668200,8.9196,23.8571,50.7826,39.6135,없음,0.8413822984,MSS7.1-S1-KR-1.0.0
한국,356680,엑스게이트,Technology,18220,10.16,520062424240,17809737,337423854550,6.6121,59.2657,-18.4787,162.5360,없음,0.8381017643,MSS7.1-S1-KR-1.0.0
한국,072950,빛샘전자,Technology,14200,9.23,114347062000,11884891,176368464865,4.9520,66.2763,71.2907,72.1212,없음,0.8379396767,MSS7.1-S1-KR-1.0.0
한국,058610,에스피지,Utilities,100700,1.92,2233260152000,359173,36610953750,2.5458,7.1277,25.5611,-11.5114,없음,0.8350141308,MSS7.1-S1-KR-1.0.0
한국,033640,네패스,Technology,27600,0.36,636433975200,175288,4802065350,12.1951,43.9750,-2.1277,49.6746,없음,0.8345826125,MSS7.1-S1-KR-1.0.0
한국,017890,한국알콜,Materials,15390,6.88,318165257340,247462,3784050130,8.9172,15.1946,36.9217,35.1185,없음,0.8338203367,MSS7.1-S1-KR-1.0.0
한국,006260,LS,Financials,321500,-1.53,10030800000000,71796,23411934750,5.9308,11.4385,-9.0523,16.2749,없음,0.8337441491,MSS7.1-S1-KR-1.0.0
한국,042370,비츠로테크,Financials,10650,-2.92,279030266250,1606016,17549924125,21.0227,32.4627,10.3627,-8.1897,없음,0.8309016192,MSS7.1-S1-KR-1.0.0
한국,420770,기가비스,Industrials,123100,3.01,1560385809800,107431,13070939500,16.3516,17.6864,-20.9884,75.8571,없음,0.8296962661,MSS7.1-S1-KR-1.0.0
한국,114810,한솔아이원스,Industrials,14770,9.16,415674679980,479998,6917295740,20.2769,13.6154,9.8958,2.9268,없음,0.8293431592,MSS7.1-S1-KR-1.0.0
한국,295310,에이치브이엠,Materials,63100,8.42,782727609800,307985,19167763150,18.3865,40.5345,14.3116,-39.5014,없음,0.8286706856,MSS7.1-S1-KR-1.0.0
한국,419050,삼기에너지솔루션즈,Industrials,1936,20.77,110731920640,36461754,70194600212,24.1026,23.0769,33.3333,24.6619,당일,0.8285906102,MSS7.1-S1-KR-1.0.0
한국,032580,피델릭스,Technology,7020,10.55,232587089280,902516,6028527960,42.6829,88.7097,23.8095,534.1463,1주|6개월,0.8279678570,MSS7.1-S1-KR-1.0.0
한국,051160,지어소프트,Technology,12040,4.06,186312137200,161786,1947559850,21.3710,35.8916,81.8731,51.6373,없음,0.8275763799,MSS7.1-S1-KR-1.0.0
한국,053610,프로텍,Industrials,76000,3.83,684000000000,53852,4062226100,21.9904,29.9145,-5.8240,40.2214,없음,0.8260249310,MSS7.1-S1-KR-1.0.0
한국,042700,한미반도체,Industrials,243500,1.46,23208520700000,369301,89109822750,7.7434,16.5072,-9.8148,-17.8752,없음,0.8257615904,MSS7.1-S1-KR-1.0.0
한국,089860,롯데렌탈,Industrials,49650,0,1802761114200,25994,1289523325,3.1153,7.4675,79.5660,56.8720,없음,0.8240314346,MSS7.1-S1-KR-1.0.0
한국,036810,에프에스티,Technology,31200,3.31,675473416800,135388,4182082600,19.3117,38.0531,18.1818,-26.0664,없음,0.8235370296,MSS7.1-S1-KR-1.0.0
한국,488280,에스투더블유,Technology,15870,9.3,171800462820,917269,14342989940,10.5153,63.7771,15.8394,3.9293,없음,0.8235137772,MSS7.1-S1-KR-1.0.0
한국,425040,티이엠씨,Materials,12890,3.45,282586155220,950998,11994591205,29.8087,47.3143,-3.9493,24.5411,없음,0.8220655349,MSS7.1-S1-KR-1.0.0
한국,041190,우리기술투자,Financials,6060,1.34,483588000000,2165904,13012584685,16.9884,3.2368,27.5789,-4.8666,없음,0.8216479753,MSS7.1-S1-KR-1.0.0
한국,007810,코리아써키트,Technology,65100,-0.76,1561268562000,694870,44522468150,27.8978,17.7215,-33.9086,-0.1534,없음,0.8213653599,MSS7.1-S1-KR-1.0.0
한국,108490,로보티즈,Industrials,301000,0.33,4414775428000,212086,64227738500,-2.5890,21.6162,17.8082,16.2162,없음,0.8203269172,MSS7.1-S1-KR-1.0.0
한국,468530,프로티나,Healthcare,47250,18.27,524718243000,424234,19745659275,45.1613,37.5546,60.7143,-34.5568,1주,0.8200676526,MSS7.1-S1-KR-1.0.0
한국,005290,동진쎄미켐,Materials,46800,8.96,2385401896800,983950,44916292225,15.1292,11.4286,-18.4669,-2.9046,없음,0.8167271969,MSS7.1-S1-KR-1.0.0
한국,093520,매커스,Industrials,29250,3.17,348128732250,35840,1042085550,10.7955,16.3022,71.9577,24.7335,없음,0.8163015653,MSS7.1-S1-KR-1.0.0
한국,452430,사피엔반도체,Technology,40250,-1.95,332280695250,47284,1906662075,3.4704,54.2146,27.5753,21.0526,없음,0.8156705836,MSS7.1-S1-KR-1.0.0
한국,013030,하이록코리아,Materials,37700,-0.26,443659028800,38715,1464058525,10.7195,21.8094,19.4929,4.1436,없음,0.8154670046,MSS7.1-S1-KR-1.0.0
한국,332570,PS일렉트로닉스,Technology,8830,0.8,405655524490,1298694,11456121240,4.3735,1.8454,48.1544,63.8219,없음,0.8152834261,MSS7.1-S1-KR-1.0.0
한국,166090,하나머티리얼즈,Technology,58700,3.35,1160949463800,121481,7088719600,11.1742,15.3242,-2.4917,-1.0118,없음,0.8152764305,MSS7.1-S1-KR-1.0.0
한국,089970,브이엠,Industrials,62400,10.25,1642790136000,1053651,65121656950,20.2312,6.6667,-33.1190,32.9073,없음,0.8149860012,MSS7.1-S1-KR-1.0.0
한국,028050,삼성E&A,Other,49350,-3.61,9672600000000,2237039,110184302725,-2.2772,10.1563,12.2867,46.0059,없음,0.8146972241,MSS7.1-S1-KR-1.0.0
한국,080220,제주반도체,Technology,77600,2.65,2672763840800,912548,70673564200,8.5315,6.5934,-31.2666,83.2349,없음,0.8146385451,MSS7.1-S1-KR-1.0.0
한국,068930,디지털대성,Other,9600,0.31,265683283200,346267,3344629655,8.5973,15.2461,37.1429,7.2626,없음,0.8144760038,MSS7.1-S1-KR-1.0.0
한국,044490,태웅,Industrials,38100,-4.27,762281216100,180731,6886414950,2.1448,36.0714,25.9504,-20.4593,없음,0.8134539313,MSS7.1-S1-KR-1.0.0
한국,007340,DN오토모티브,Other,47900,-3.43,2802670433500,131657,6331780225,3.4557,0.2092,25.8870,22.0382,없음,0.8130655614,MSS7.1-S1-KR-1.0.0
한국,128940,한미약품,Healthcare,520000,3.59,6661715320000,126975,66420977500,3.5857,-3.7037,29.0323,1.7613,없음,0.8119042461,MSS7.1-S1-KR-1.0.0
한국,052710,아모텍,Technology,18920,-2.22,353440736000,738450,14027543800,18.2500,68.0284,-20.6709,43.2248,없음,0.8117613549,MSS7.1-S1-KR-1.0.0
한국,131970,두산테스나,Other,93700,0.32,1810962200600,200835,18652896000,19.3631,24.7670,-21.6555,-10.0768,없음,0.8116911244,MSS7.1-S1-KR-1.0.0
한국,316140,우리금융지주,Financials,35350,-1.12,26045404789950,1398444,49731421325,-2.6171,10.6416,20.8547,9.4427,없음,0.8113783368,MSS7.1-S1-KR-1.0.0
한국,105560,KB금융,Financials,173200,-1.42,61431915528800,679189,118050253200,-1.9808,6.1925,14.0975,17.9033,없음,0.8113037116,MSS7.1-S1-KR-1.0.0
한국,018000,유니슨,Industrials,1290,3.61,376566579330,3416198,4348748190,5.3922,35.2201,42.3841,-18.8679,없음,0.8095912450,MSS7.1-S1-KR-1.0.0
한국,098460,고영,Industrials,29150,0.87,1988152808950,725651,21166620900,6.7766,6.9725,-6.1192,5.6159,없음,0.8093832894,MSS7.1-S1-KR-1.0.0
한국,125490,한라캐스트,Industrials,12110,-2.34,442043482720,1287820,15990083485,10.7960,11.1009,31.7737,-27.1360,없음,0.8082560001,MSS7.1-S1-KR-1.0.0
한국,462860,더즌,Technology,3075,3.54,220686916725,2941878,9021838834,19.8830,8.8496,45.3901,-7.0997,없음,0.8080828908,MSS7.1-S1-KR-1.0.0
한국,195870,해성디에스,Technology,61200,2.51,1040400000000,191641,11748616100,6.6202,16.1290,-12.0690,11.2727,없음,0.8071099179,MSS7.1-S1-KR-1.0.0
한국,004710,한솔테크닉스,Technology,9900,0.92,525130818300,473104,4753237480,11.1111,46.0177,-15.8879,105.6075,없음,0.8069487931,MSS7.1-S1-KR-1.0.0
한국,045100,한양이엔지,Other,32150,1.74,562625000000,50870,1629391375,10.8621,11.6319,15.6475,1.5798,없음,0.8063838302,MSS7.1-S1-KR-1.0.0
한국,089030,테크윙,Industrials,49150,3.26,1821186651750,839576,41338763250,7.7851,5.3591,-1.5030,-7.7861,없음,0.8050038907,MSS7.1-S1-KR-1.0.0
한국,161890,한국콜마,Materials,147000,0.62,3469946319000,274025,40522592900,-2.0000,2.5820,70.1389,87.9795,없음,0.8042121274,MSS7.1-S1-KR-1.0.0
한국,083450,GST,Industrials,49250,0.41,907677500000,88968,4383917325,6.1422,10.3024,-2.2817,73.1107,없음,0.8037879232,MSS7.1-S1-KR-1.0.0
한국,361610,SK아이이테크놀로지,Other,17170,6.18,1404284507000,606475,10394071955,8.5335,12.1489,4.0606,-20.5093,없음,0.8035920615,MSS7.1-S1-KR-1.0.0
한국,086670,비엠티,Industrials,19310,2.99,191668839350,72907,1391517975,16.0457,27.7962,28.5619,35.9859,없음,0.8028338977,MSS7.1-S1-KR-1.0.0
한국,089890,코세스,Industrials,29050,7.2,481793146100,184644,5224898325,3.7500,26.5795,-0.1718,27.6923,없음,0.8020701405,MSS7.1-S1-KR-1.0.0
한국,298040,효성중공업,Utilities,2896000,-0.17,27003891008000,27462,78971822000,3.2074,3.7249,-13.6296,7.2195,없음,0.8020220852,MSS7.1-S1-KR-1.0.0
한국,033780,KT&G,Other,174300,-1.69,18094162480800,266604,46655668650,1.3372,0.6351,3.3808,10.5964,없음,0.8019928147,MSS7.1-S1-KR-1.0.0
한국,055550,신한지주,Financials,109300,-3.45,51310911122700,895919,98782914050,-2.4978,5.8083,14.2111,21.4444,없음,0.8017885525,MSS7.1-S1-KR-1.0.0
한국,058470,리노공업,Technology,74300,-0.93,5662540455000,1493192,110177330800,12.7466,15.0155,-12.7934,-30.7549,없음,0.8013210384,MSS7.1-S1-KR-1.0.0
한국,014680,한솔케미칼,Materials,236500,5.11,2552789514000,52460,12260214750,10.2564,15.3659,-9.5602,-15.2330,없음,0.8008944945,MSS7.1-S1-KR-1.0.0
한국,387690,레메디,Healthcare,18850,21.46,143746160350,7782429,143559536160,18.1818,57.4770,,,당일,0.8008349134,MSS7.1-S1-KR-1.0.0
한국,122640,예스티,Industrials,32000,1.91,692842400000,280589,9038182200,11.3043,12.4780,-14.6667,36.7521,없음,0.7992108548,MSS7.1-S1-KR-1.0.0
한국,032830,삼성생명,Financials,294500,1.2,58900000000000,223073,65745880000,3.8801,3.1524,-31.9861,32.6577,없음,0.7974972610,MSS7.1-S1-KR-1.0.0
한국,016360,삼성증권,Financials,91100,0.44,8135230000000,454710,41672157554,6.4252,5.1963,-15.2558,-3.6998,없음,0.7967360146,MSS7.1-S1-KR-1.0.0
한국,036710,심텍홀딩스,Other,4485,7.81,236932476690,1031664,4525650119,11.0149,12.6884,6.4057,69.2453,없음,0.7963569009,MSS7.1-S1-KR-1.0.0
한국,018260,삼성에스디에스,Technology,220500,-2.43,17061804900000,94796,20918339250,1.3793,-3.2895,16.1749,40.3565,없음,0.7947764174,MSS7.1-S1-KR-1.0.0
한국,078340,컴투스,Technology,34950,-0.14,422591389350,51019,1771994875,3.2496,10.0787,46.8487,10.4265,없음,0.7946208198,MSS7.1-S1-KR-1.0.0
한국,005830,DB손해보험,Financials,184600,-0.7,12091364425400,164514,30306492000,-1.2834,2.2715,34.4501,0.4899,없음,0.7945140569,MSS7.1-S1-KR-1.0.0
한국,417030,니어스랩,Technology,35700,4.23,206258749200,340494,12026237750,33.9587,24.6073,,,없음,0.7943939467,MSS7.1-S1-KR-1.0.0
한국,003350,한국화장품제조,Materials,15850,5.25,359161000000,1291081,20120648085,6.0201,35.2389,112.1821,-64.3420,없음,0.7937250543,MSS7.1-S1-KR-1.0.0
한국,163730,핑거,Technology,12650,6.21,161486320050,355493,4473773380,35.4390,28.6877,5.2413,27.0080,없음,0.7929142492,MSS7.1-S1-KR-1.0.0
한국,086790,하나금융지주,Financials,133100,-2.13,36066095021000,648296,86391731820,-2.6335,3.4188,16.5499,24.9765,없음,0.7928606474,MSS7.1-S1-KR-1.0.0
한국,000880,한화,Materials,130000,-1.74,6932756610000,61735,8086377750,-5.5919,55.1313,25.2408,13.4380,없음,0.7920774036,MSS7.1-S1-KR-1.0.0
한국,200470,에이팩트,Technology,8160,4.35,357600216960,915255,7417011890,31.8255,38.3051,-10.7221,-3.3175,없음,0.7915105488,MSS7.1-S1-KR-1.0.0
한국,375500,DL이앤씨,Industrials,80900,-5.05,3130314100700,368951,29918971800,-7.2248,17.9300,30.6947,34.1625,없음,0.7908057996,MSS7.1-S1-KR-1.0.0
한국,140860,파크시스템스,Technology,264500,5.17,1852153050500,51257,13562091750,4.3393,-0.1887,8.8477,1.3410,없음,0.7905489211,MSS7.1-S1-KR-1.0.0
한국,090430,아모레퍼시픽,Materials,142500,0.35,8335218157500,145314,20745686600,-1.4523,1.8585,45.4082,5.0111,없음,0.7899345107,MSS7.1-S1-KR-1.0.0
한국,218410,RFHIC,Technology,58600,-0.68,1557320901200,310613,18248395700,11.1954,26.8398,-13.9501,-23.2984,없음,0.7898234806,MSS7.1-S1-KR-1.0.0
한국,028260,삼성물산,Other,367000,0,59515502227000,275715,102096058500,3.8190,0.6859,-23.7799,30.3730,없음,0.7896696691,MSS7.1-S1-KR-1.0.0
한국,017900,광전자,Technology,9880,-3.14,572484378440,3000362,30374224915,-5.5449,31.0345,33.1536,277.8203,없음,0.7887026120,MSS7.1-S1-KR-1.0.0
한국,090460,비에이치,Technology,20250,0.5,682658644500,611104,12249524090,8.1153,25.2319,-10.0000,-11.3786,없음,0.7884997076,MSS7.1-S1-KR-1.0.0
한국,170920,엘티씨,Materials,38700,9.63,408831676200,330073,12588721025,19.6291,10.2564,-15.4098,27.5124,없음,0.7882043359,MSS7.1-S1-KR-1.0.0
한국,399720,가온칩스,Technology,47400,4.87,562109205600,197279,9334582700,18.3521,7.9727,11.5294,-27.5229,없음,0.7881986382,MSS7.1-S1-KR-1.0.0
한국,0007J0,인벤테라,Healthcare,14200,2.9,111693138800,161557,2221183850,35.2381,78.6164,57.7778,,없음,0.7875208019,MSS7.1-S1-KR-1.0.0
한국,138080,오이솔루션,Technology,28350,0.18,350909439300,344208,9781929150,9.8837,20.1271,4.0367,-16.8622,없음,0.7875167059,MSS7.1-S1-KR-1.0.0
한국,071320,지역난방공사,Other,78200,0.39,905457780800,30376,2388399200,6.3946,7.2702,16.7164,-14.6288,없음,0.7864325464,MSS7.1-S1-KR-1.0.0
한국,052690,한전기술,Other,130400,-5.58,4983888000000,486579,64058490650,-3.6928,44.4075,19.3047,-17.3638,없음,0.7863949805,MSS7.1-S1-KR-1.0.0
한국,475150,SK이터닉스,Industrials,50800,0.59,1730603803200,543094,27694269350,4.0984,-4.5113,34.5695,-1.9305,없음,0.7863192722,MSS7.1-S1-KR-1.0.0
한국,020150,롯데에너지머티리얼즈,Technology,40150,0.12,2102473339450,98390,3949224225,3.2134,24.1113,-11.9518,1.3889,없음,0.7848253670,MSS7.1-S1-KR-1.0.0
한국,071280,로체시스템즈,Industrials,8030,10.15,122831722090,586377,4577458625,16.7151,23.1595,25.2730,0.1247,없음,0.7816186282,MSS7.1-S1-KR-1.0.0
한국,294570,쿠콘,Technology,27400,5.18,276513456800,178616,4835318875,12.5257,3.2015,41.0190,-6.8027,없음,0.7811024835,MSS7.1-S1-KR-1.0.0
한국,125020,티씨머티리얼즈,Other,6170,0.16,216187853500,604210,3756954760,4.7538,11.5732,15.5431,22.9084,없음,0.7799150100,MSS7.1-S1-KR-1.0.0
한국,012030,DB,Technology,1692,-0.24,340386294636,7174350,11740463354,5.7500,17.9916,-3.3143,-1.7992,없음,0.7795876580,MSS7.1-S1-KR-1.0.0
한국,234340,헥토파이낸셜,Financials,22550,5.37,315038292800,441373,9816489125,22.4878,8.6747,14.9337,-26.4274,없음,0.7786641567,MSS7.1-S1-KR-1.0.0
한국,078930,GS,Financials,110700,0.09,10283531296500,342032,37659704500,-1.1607,-3.4031,67.4735,63.5155,없음,0.7781646768,MSS7.1-S1-KR-1.0.0
한국,069540,빛과전자,Technology,4020,2.29,453021425940,11362764,46349179042,-8.8435,43.3155,56.7251,53.4351,없음,0.7764554975,MSS7.1-S1-KR-1.0.0
한국,172670,에이엘티,Technology,13770,4.87,123382766430,79746,1095577200,19.1176,39.0909,35.1325,18.7069,없음,0.7762965473,MSS7.1-S1-KR-1.0.0
한국,002380,KCC,Materials,476000,1.82,4090218496000,18837,8944225750,2.1459,5.3097,-0.6263,-7.9304,없음,0.7759540477,MSS7.1-S1-KR-1.0.0
한국,003550,LG,Financials,111900,-3.95,16918385247600,141632,16049782450,-0.2674,-1.4097,12.8024,27.8857,없음,0.7757705066,MSS7.1-S1-KR-1.0.0
한국,012750,에스원,Other,83300,-0.12,3165331527400,34606,2863662350,0.4825,5.0441,16.1785,-4.3628,없음,0.7744022575,MSS7.1-S1-KR-1.0.0
한국,088350,한화생명,Financials,5640,-0.18,4898509200000,2075772,11673718590,-3.4247,7.6336,21.0300,16.4087,없음,0.7741808757,MSS7.1-S1-KR-1.0.0
한국,327260,RF머트리얼즈,Technology,47050,-2.49,846374874950,552483,26037365075,6.3277,37.3723,-17.7448,-24.1129,없음,0.7739466420,MSS7.1-S1-KR-1.0.0
한국,126340,비나텍,Other,86800,5.98,623259935200,161765,13852968000,15.4255,36.9085,-10.3306,-29.1429,없음,0.7738723410,MSS7.1-S1-KR-1.0.0
한국,056190,SFA,Industrials,28000,0.18,1005445280000,66453,1865649325,-0.1783,19.1489,17.4004,-1.7544,없음,0.7735761234,MSS7.1-S1-KR-1.0.0
한국,033160,엠케이전자,Technology,16540,5.48,406289519320,1117466,18155492790,20.3785,17.3050,-28.5529,-7.2350,없음,0.7725832684,MSS7.1-S1-KR-1.0.0
한국,008930,한미사이언스,Financials,52100,2.76,3563199755000,126640,6652723500,1.9569,-7.7876,85.4093,41.9619,없음,0.7723410238,MSS7.1-S1-KR-1.0.0
한국,079900,전진건설로봇,Industrials,42300,0.71,617264653500,57277,2404009200,8.1841,27.9879,2.1739,-21.2291,없음,0.7715432690,MSS7.1-S1-KR-1.0.0
한국,005690,파미셀,Technology,12540,-0.4,752450335560,818445,10278758170,7.8246,12.8713,-3.5385,-21.1321,없음,0.7715049491,MSS7.1-S1-KR-1.0.0
한국,086390,유니테스트,Industrials,13300,8.22,281083875800,300980,3923752410,14.2612,36.5503,7.7796,-25.6983,없음,0.7714473465,MSS7.1-S1-KR-1.0.0
한국,100790,미래에셋벤처투자,Financials,17810,2.95,946077494180,505395,8984427695,8.5976,12.1537,-11.1721,-14.3750,없음,0.7705775595,MSS7.1-S1-KR-1.0.0
한국,043260,성호전자,Technology,26200,-2.78,1976838417600,2792564,72759502025,41.1638,46.0424,-12.8120,-39.7701,1주,0.7689866591,MSS7.1-S1-KR-1.0.0
한국,246960,SCL사이언스,Healthcare,2720,11.25,92526367840,477149,1256293632,20.0883,34.3210,75.2577,31.7191,없음,0.7679018958,MSS7.1-S1-KR-1.0.0
한국,330860,네패스아크,Other,29250,5.6,356383316250,192518,5576812300,23.6786,17.2345,-30.1075,11.2167,없음,0.7675408427,MSS7.1-S1-KR-1.0.0
한국,386380,스카이랩스,Healthcare,22950,-4.18,430587372150,3333924,80027508000,9.8086,,,,없음,0.7671624086,MSS7.1-S1-KR-1.0.0
한국,074600,원익QnC,Other,29450,2.79,774181600000,204853,5992274625,9.2764,12.8352,-13.3824,-9.5238,없음,0.7670669241,MSS7.1-S1-KR-1.0.0
한국,024110,기업은행,Financials,20400,2,16267487727600,1485880,30601138000,0.9901,0.9901,1.2407,-11.8790,없음,0.7670159074,MSS7.1-S1-KR-1.0.0
한국,388210,씨엠티엑스,Technology,88500,4.36,854417763000,72548,6395472650,22.5762,26.4286,-5.4487,-37.8947,없음,0.7669984906,MSS7.1-S1-KR-1.0.0
한국,214430,아이쓰리시스템,Technology,68400,-1.72,499813506000,24769,1707030600,14.7651,14.7651,12.5000,-27.2340,없음,0.7667104467,MSS7.1-S1-KR-1.0.0
한국,000720,현대건설,Industrials,121100,-7.77,13485183141500,1201523,147407345200,-2.5744,14.6780,5.5798,-19.2128,없음,0.7664735251,MSS7.1-S1-KR-1.0.0
한국,047050,포스코인터내셔널,Other,55300,-2.47,9728530176400,376658,20943954850,0.9124,3.1716,9.5050,-27.1410,없음,0.7660971862,MSS7.1-S1-KR-1.0.0
한국,033790,피노,Other,7600,1.6,633246341200,938306,7039264685,-2.1879,26.4559,7.1932,54.3147,없음,0.7649113456,MSS7.1-S1-KR-1.0.0
한국,274090,켄코아에어로스페이스,Industrials,12930,3.69,178100496510,3663756,48925649540,27.0138,31.6701,6.0705,-37.5362,없음,0.7645532437,MSS7.1-S1-KR-1.0.0
한국,347700,스피어,Technology,23300,3.33,1201146734600,1877045,44120321375,14.4963,1.0846,8.8785,-45.8140,없음,0.7634209973,MSS7.1-S1-KR-1.0.0
한국,181710,NHN,Technology,56000,-2.1,1810422040000,156849,8738469750,4.8689,-20.0000,58.4158,52.1739,없음,0.7633326996,MSS7.1-S1-KR-1.0.0
한국,117730,티로보틱스,Industrials,14370,9.36,324159077910,572469,8324228325,16.5450,11.2229,4.9671,-25.5440,없음,0.7630844590,MSS7.1-S1-KR-1.0.0
한국,001430,세아베스틸지주,Materials,44300,-2.85,1588691871700,116853,5244865175,2.4277,5.9809,28.5922,-35.7039,없음,0.7629314348,MSS7.1-S1-KR-1.0.0
한국,092730,네오팜,Materials,23650,0.64,379061939850,40788,958912875,8.7356,0.8529,46.5304,36.3112,없음,0.7627512366,MSS7.1-S1-KR-1.0.0
한국,303810,동국생명과학,Healthcare,2800,-7.74,89555592000,13244896,40239591092,21.2121,25.0000,13.8211,-14.6341,없음,0.7621629069,MSS7.1-S1-KR-1.0.0
한국,294870,IPARK현대산업개발,Industrials,23700,0.21,1562003721000,103827,2451310125,-1.2500,8.2192,24.4748,8.4668,없음,0.7616463294,MSS7.1-S1-KR-1.0.0
한국,047770,코데즈컴바인,Consumer,3785,0.53,143234248570,790536,2944015834,6.0224,22.2940,31.8815,-7.1166,없음,0.7611525368,MSS7.1-S1-KR-1.0.0
한국,000810,삼성화재,Financials,648000,-1.07,28931562504000,60134,38949167000,-1.9667,1.8868,1.8868,34.8595,없음,0.7609942088,MSS7.1-S1-KR-1.0.0
한국,005160,동국산업,Materials,3495,-5.03,189584464590,636036,2210599615,0.1433,41.2121,49.6788,10.0787,없음,0.7597076701,MSS7.1-S1-KR-1.0.0
한국,004800,효성,Financials,164200,-0.85,2748774829400,17316,2822773100,2.4969,5.9355,-8.6255,16.7852,없음,0.7596243595,MSS7.1-S1-KR-1.0.0
한국,006360,GS건설,Industrials,34600,-7.61,2961119554000,2377160,83078325400,-5.7221,2.0649,38.1238,22.6950,없음,0.7595195337,MSS7.1-S1-KR-1.0.0
한국,272210,한화시스템,Technology,73900,-4.52,13961142847100,954059,71106524100,7.4128,5.4208,-10.5327,-41.9482,없음,0.7593760091,MSS7.1-S1-KR-1.0.0
한국,383220,F&F,Consumer,67800,-1.02,2597219685000,60173,4057065850,1.4970,6.7717,-7.7551,10.0649,없음,0.7591610288,MSS7.1-S1-KR-1.0.0
한국,356860,티엘비,Technology,44600,0.22,1057076196000,581725,25720176075,17.0604,32.1481,-42.8205,-39.8111,없음,0.7590962487,MSS7.1-S1-KR-1.0.0
한국,216080,제테마,Healthcare,7190,1.13,268094241810,107929,781829760,3.0086,38.2692,58.7196,-10.5721,없음,0.7583043425,MSS7.1-S1-KR-1.0.0
한국,042000,카페24,Technology,18030,20.2,435932387070,951709,16755115650,17.0019,8.2233,3.5017,-37.8276,당일,0.7571908231,MSS7.1-S1-KR-1.0.0
한국,011790,SKC,Materials,89400,1.13,4434087841200,98910,8812740250,4.3174,5.0529,-16.2921,-10.5105,없음,0.7571725018,MSS7.1-S1-KR-1.0.0
한국,046890,서울반도체,Technology,10520,0.77,613372808000,329020,3468631000,5.2000,11.3228,-11.9665,5.2000,없음,0.7563930659,MSS7.1-S1-KR-1.0.0
한국,083310,엘오티베큠,Industrials,11100,4.42,197691366300,177085,1935091980,15.7456,21.4442,16.9652,-19.2727,없음,0.7563680837,MSS7.1-S1-KR-1.0.0
한국,265740,엔에프씨,Materials,7450,-1.06,133083820000,369658,2755752740,11.3602,13.7405,55.3702,-11.3095,없음,0.7556994777,MSS7.1-S1-KR-1.0.0
한국,393890,더블유씨피,Other,10530,6.26,356368306320,339789,3569701715,8.5567,16.8701,2.1339,-19.8630,없음,0.7549192588,MSS7.1-S1-KR-1.0.0
한국,452280,한선엔지니어링,Industrials,13360,-0.6,257148871200,649339,8753924340,2.7692,28.0920,-0.5952,-7.2222,없음,0.7547041309,MSS7.1-S1-KR-1.0.0
한국,138930,BNK금융지주,Financials,15970,2.18,4900230823470,1068846,17296715605,-0.7458,11.2117,-2.7998,-11.2778,없음,0.7544614425,MSS7.1-S1-KR-1.0.0
한국,161580,필옵틱스,Industrials,32650,1.56,765389364550,165645,5412825025,4.3131,25.0958,-13.5099,-16.8153,없음,0.7538044720,MSS7.1-S1-KR-1.0.0
한국,457370,한켐,Materials,11290,-0.96,91077942860,341585,3901627765,16.0329,28.5877,7.9350,31.1266,없음,0.7536780177,MSS7.1-S1-KR-1.0.0
한국,388050,지투파워,Utilities,10280,-4.46,192333012360,634128,6637156695,0.7843,19.3961,29.7980,-9.9036,없음,0.7535320835,MSS7.1-S1-KR-1.0.0
한국,278470,에이피알,Materials,368500,1.94,13795960117500,186907,68566674500,4.3909,-10.0122,-0.6739,10.8271,없음,0.7535258636,MSS7.1-S1-KR-1.0.0
한국,489460,바이오비쥬,Materials,11960,5.75,176449312520,78288,916186350,3.2815,12.4060,116.2749,39.8830,없음,0.7535086068,MSS7.1-S1-KR-1.0.0
한국,330590,롯데리츠,Real Estate,4140,1.97,1196331179760,195165,797180636,4.6776,5.3435,15.4812,-10.4865,없음,0.7534237202,MSS7.1-S1-KR-1.0.0
한국,000240,한국앤컴퍼니,Financials,24650,0.2,2340153666000,84179,2083520000,1.8595,3.1381,8.1140,-7.5047,없음,0.7532137017,MSS7.1-S1-KR-1.0.0
한국,006400,삼성SDI,Other,521000,-1.51,41985061130000,376430,195422763000,-4.2279,1.1650,6.5440,31.0692,없음,0.7529832055,MSS7.1-S1-KR-1.0.0
한국,025980,아난티,Consumer,5220,-4.57,507911167800,2091246,10883361770,2.5540,2.3529,24.2857,-24.2380,없음,0.7523065909,MSS7.1-S1-KR-1.0.0
한국,101160,월덱스,Technology,30900,0.82,510189683700,23893,737054650,1.9802,12.5683,15.2985,3.8655,없음,0.7517079687,MSS7.1-S1-KR-1.0.0
한국,104830,원익머트리얼즈,Materials,36800,7.45,463974400000,90290,3309385225,13.5802,12.3664,-7.4214,-12.0669,없음,0.7515441761,MSS7.1-S1-KR-1.0.0
한국,059120,아진엑스텍,Technology,7350,0.68,134578985100,344415,2536045135,4.4034,15.7480,29.8587,0.2729,없음,0.7514331617,MSS7.1-S1-KR-1.0.0
한국,018670,SK가스,Other,240500,0.42,2229253182000,6473,1558082500,0.6276,2.7778,16.1836,-1.2320,없음,0.7509453650,MSS7.1-S1-KR-1.0.0
한국,041960,코미팜,Healthcare,9850,-0.2,734989279850,497482,5086242855,0.0000,0.5102,21.3054,15.0701,없음,0.7507586527,MSS7.1-S1-KR-1.0.0
한국,175330,JB금융지주,Financials,30150,-2.11,5623632993600,291699,8850924650,-8.4977,10.6422,26.6807,4.1451,없음,0.7505309030,MSS7.1-S1-KR-1.0.0
한국,126730,코칩,Technology,22700,-1.52,199081860200,179272,4128039825,-0.8734,27.1709,32.9818,18.7860,없음,0.7504602287,MSS7.1-S1-KR-1.0.0
한국,011200,HMM,Industrials,20800,-1.89,19619349776000,562695,11806537825,2.2113,-8.9716,9.8205,4.3653,없음,0.7503056694,MSS7.1-S1-KR-1.0.0
한국,023160,태광,Materials,26400,-2.58,682895188800,114095,3048018975,3.5294,23.3645,-0.7519,-22.6940,없음,0.7493924054,MSS7.1-S1-KR-1.0.0
한국,272110,케이엔제이,Technology,30300,1.85,243169468500,65218,1978971625,19.0570,22.6721,0.8319,-13.3047,없음,0.7486438089,MSS7.1-S1-KR-1.0.0
한국,032500,케이엠더블유,Technology,19560,0.26,825269671560,157340,3071034500,8.6667,33.4243,-6.1871,-32.0833,없음,0.7484524576,MSS7.1-S1-KR-1.0.0
한국,217590,티엠씨,Other,14330,-1.92,345270244250,717927,10321084605,8.8906,27.0390,0.9866,-40.7851,없음,0.7480467245,MSS7.1-S1-KR-1.0.0
한국,082740,한화엔진,Industrials,47600,-3.35,3972083959200,735004,35300183650,-0.9365,6.0134,-7.7519,0.9544,없음,0.7478594379,MSS7.1-S1-KR-1.0.0
한국,389500,에스비비테크,Industrials,43000,-1.83,286529296000,87555,3812013550,6.3041,17.6471,-2.0501,-8.8983,없음,0.7475892300,MSS7.1-S1-KR-1.0.0
한국,079550,LIG디펜스앤에어로스페이스,Other,692000,-1.7,15224000000000,65278,45349505500,3.9039,-3.4868,-16.0194,7.9563,없음,0.7465004636,MSS7.1-S1-KR-1.0.0
한국,020000,한섬,Consumer,19740,-0.9,423955861560,117966,2337595600,21.7767,26.7823,-5.0962,-25.2273,없음,0.7462397462,MSS7.1-S1-KR-1.0.0
한국,393210,토마토시스템,Technology,4060,22.47,63395048640,15207842,60700410311,86.2385,69.1667,59.8425,-7.3059,1주|당일,0.7462376830,MSS7.1-S1-KR-1.0.0
한국,299660,셀리드,Healthcare,2620,-9.19,77297799740,7834941,23978768091,18.5520,14.6608,7.8189,-0.1905,없음,0.7451775784,MSS7.1-S1-KR-1.0.0
한국,445180,퓨릿,Materials,9000,12.64,154702692000,276255,2423364170,18.2654,6.8884,10.0244,5.8824,없음,0.7448179907,MSS7.1-S1-KR-1.0.0
한국,001520,동양,Other,1153,-0.69,123511702896,852077,985760535,10.7589,7.9588,103.7102,41.6462,없음,0.7442172832,MSS7.1-S1-KR-1.0.0
한국,204620,글로벌텍스프리,Financials,5800,-0.85,407643314000,329998,1914550840,-1.3605,15.5378,22.6216,25.4054,없음,0.7440908086,MSS7.1-S1-KR-1.0.0
한국,267270,HD건설기계,Industrials,129700,-5.67,6160410964200,420043,54984042850,-2.9192,2.0456,8.9001,-1.9652,없음,0.7433537100,MSS7.1-S1-KR-1.0.0
한국,102710,이엔에프테크놀로지,Materials,46100,7.08,658669239600,86582,3930515200,11.3527,3.5955,0.6550,-19.6864,없음,0.7427654925,MSS7.1-S1-KR-1.0.0
한국,044820,코스맥스비티아이,Financials,26150,3.77,251142534150,17100,442780975,2.5490,11.9914,56.3060,63.9498,없음,0.7426337416,MSS7.1-S1-KR-1.0.0
한국,004020,현대제철,Materials,31950,-10.25,4263592830750,1259436,41324174700,-7.6590,14.1071,9.9828,-9.3617,없음,0.7424434935,MSS7.1-S1-KR-1.0.0
한국,010120,LS ELECTRIC,Utilities,205500,-3.07,30825000000000,332290,68660996750,3.0592,6.8643,-8.4633,-74.7232,없음,0.7420091962,MSS7.1-S1-KR-1.0.0
한국,065680,우주일렉트로,Technology,27550,6.99,254574976050,56292,1535702950,27.2517,27.2517,-9.0759,-2.9930,없음,0.7418333237,MSS7.1-S1-KR-1.0.0
한국,149950,아바텍,Technology,12120,-2.49,165652560360,158718,1947035565,9.7826,42.5882,-4.4917,21.2000,없음,0.7409912368,MSS7.1-S1-KR-1.0.0
한국,021240,코웨이,Other,99800,0,7062589114800,236952,23512651150,-7.0764,2.3590,15.6431,38.0360,없음,0.7408443420,MSS7.1-S1-KR-1.0.0
한국,417200,LS머트리얼즈,Technology,13380,0.22,905192577420,771729,10374198935,4.8589,21.1957,-11.8577,-36.2857,없음,0.7404596063,MSS7.1-S1-KR-1.0.0
한국,000520,삼일제약,Healthcare,8100,2.4,175703669100,109029,862780740,15.2205,29.8077,25.3870,-18.9189,없음,0.7397120457,MSS7.1-S1-KR-1.0.0
한국,011560,세보엠이씨,Other,24300,1.04,245062389600,43847,1061664275,1.6736,11.9816,14.6226,35.5270,없음,0.7394489085,MSS7.1-S1-KR-1.0.0
한국,486990,노타,Technology,20350,-9.76,435335950500,2268395,49228972350,20.9150,11.2630,-8.5393,-49.4410,없음,0.7383796708,MSS7.1-S1-KR-1.0.0
한국,441270,파인엠텍,Technology,8750,4.67,370059593750,427643,3708642010,-1.1299,30.4024,34.8228,-18.2243,없음,0.7381227794,MSS7.1-S1-KR-1.0.0
한국,388790,라이콤,Technology,5290,0.76,161948906400,701939,3716319180,9.0722,32.0849,-10.3390,24.3243,없음,0.7380388879,MSS7.1-S1-KR-1.0.0
한국,000430,대원강업,Industrials,4850,-3.39,300700000000,73399,360696351,2.1053,20.9476,24.6787,25.0000,없음,0.7378577643,MSS7.1-S1-KR-1.0.0
한국,031330,에스에이엠티,Industrials,8240,-0.12,823959352080,369207,3034645585,4.0404,5.7766,-36.0248,58.4615,없음,0.7376016763,MSS7.1-S1-KR-1.0.0
한국,217190,제너셈,Industrials,7520,3.58,98916282720,122697,917582380,9.9415,17.6839,46.0194,24.9169,없음,0.7374827380,MSS7.1-S1-KR-1.0.0
한국,033100,제룡전기,Utilities,47650,0.11,765373788850,47324,2251419000,3.3623,2.6940,0.6336,-0.5219,없음,0.7374443725,MSS7.1-S1-KR-1.0.0
한국,241770,메카로,Technology,41600,1.09,424013824000,13383,548277300,9.6179,17.3484,-4.8055,25.3012,없음,0.7374204162,MSS7.1-S1-KR-1.0.0
한국,236200,슈프리마,Technology,55200,6.56,384981967200,35123,1917488100,7.3930,-2.8169,33.3333,10.6212,없음,0.7373230079,MSS7.1-S1-KR-1.0.0
한국,036200,유니셈,Industrials,9580,3.12,293763256340,234532,2232013495,4.5852,8.3710,2.5696,-2.0450,없음,0.7370916161,MSS7.1-S1-KR-1.0.0
한국,028100,동아지질,Other,19700,3.09,221075704900,94715,1848566385,0.2035,13.2835,23.8994,11.8683,없음,0.7369781734,MSS7.1-S1-KR-1.0.0
한국,027360,아주IB투자,Financials,4020,1.26,487004532120,4099404,16640483327,14.8571,20.9023,-19.6000,-38.7195,없음,0.7366896366,MSS7.1-S1-KR-1.0.0
한국,032640,LG유플러스,Technology,14640,0.48,6213621996480,846949,12396818692,-0.0683,-1.5467,4.5714,-4.1257,없음,0.7360984064,MSS7.1-S1-KR-1.0.0
한국,454910,두산로보틱스,Industrials,70800,-0.28,4589254584000,299860,21165347100,4.5790,1.5782,-25.4737,-17.6744,없음,0.7357638422,MSS7.1-S1-KR-1.0.0
한국,476060,온코닉테라퓨틱스,Healthcare,15130,2.72,687020619200,372242,5655658360,3.6301,4.2011,6.5493,-27.2596,없음,0.7355405226,MSS7.1-S1-KR-1.0.0
한국,011930,신성이엔지,Technology,17000,2.66,345205094000,274426,4717931625,5.0680,7.1204,-6.8493,541.5094,6개월,0.7349247825,MSS7.1-S1-KR-1.0.0
한국,264450,유비쿼스,Technology,11340,6.48,166306690620,507179,5715481620,10.0971,9.6712,13.1737,-20.6993,없음,0.7347055931,MSS7.1-S1-KR-1.0.0
한국,478340,나라스페이스테크놀로지,Industrials,14190,8.9,164751788850,9729490,145667375640,33.1144,46.8944,-1.8672,-67.4541,없음,0.7346709285,MSS7.1-S1-KR-1.0.0
한국,160980,싸이맥스,Industrials,26850,2.68,293315924550,120383,3185664300,17.7632,6.5476,-17.1296,14.4989,없음,0.7340323275,MSS7.1-S1-KR-1.0.0
한국,183300,코미코,Industrials,31800,2.75,1633352145000,397612,12501866850,13.9785,25.1969,-66.2062,-72.3478,없음,0.7339296686,MSS7.1-S1-KR-1.0.0
한국,011070,LG이노텍,Technology,535000,-1.29,12661902245000,111592,59594106720,3.8835,-6.1404,-44.0961,83.2192,없음,0.7334841585,MSS7.1-S1-KR-1.0.0
한국,431190,케이쓰리아이,Technology,4360,13.25,32640887120,1695384,7672630935,26.9287,65.7795,89.5652,6.2119,없음,0.7334291178,MSS7.1-S1-KR-1.0.0
한국,201490,미투온,Technology,3705,-0.54,121241404830,18096681,71386181320,-3.5156,47.3161,87.1212,21.0784,없음,0.7321883867,MSS7.1-S1-KR-1.0.0
한국,032820,우리기술,Utilities,12960,-3.43,2239288571520,2958227,38512949155,0.3096,9.8305,2.0472,-52.0887,없음,0.7320003982,MSS7.1-S1-KR-1.0.0
한국,100590,머큐리,Technology,4995,2.15,85612027275,1714699,8773169380,3.5233,41.3013,27.5862,-15.3390,없음,0.7317033539,MSS7.1-S1-KR-1.0.0
한국,002790,아모레퍼시픽홀딩스,Materials,26350,0.57,2014673043000,82652,2184444375,0.1901,-0.5660,25.4762,-5.0450,없음,0.7316497986,MSS7.1-S1-KR-1.0.0
미국,META,Meta Platforms Inc. Class A Common Stock,Technology,777.59,4.501,1980915365498,34809622,27067613970.98,,,,,미국 광역 다기간자료 없음,0.9957259287,MSS7.1-S1-US-1.0.0
미국,INTC,Intel Corporation Common Stock,Technology,127.39,3.907,673265005006,119297039,15197249798.210001,,,,,미국 광역 다기간자료 없음,0.9938874147,MSS7.1-S1-US-1.0.0
미국,AMD,Advanced Micro Devices Inc. Common Stock,Technology,629.26,2.384,1027251244929,25319550,15932580033,,,,,미국 광역 다기간자료 없음,0.9902009098,MSS7.1-S1-US-1.0.0
미국,LLY,Eli Lilly and Company Common Stock,Health Care,1181.89,2.685,1112580501553,2418807,2858763805.23,,,,,미국 광역 다기간자료 없음,0.9896417741,MSS7.1-S1-US-1.0.0
미국,GOOGL,Alphabet Inc. Class A Common Stock,Technology,342.36,1.341,4187062800000,23777396,8140429294.56,,,,,미국 광역 다기간자료 없음,0.9844010614,MSS7.1-S1-US-1.0.0
미국,V,Visa Inc.,Consumer Discretionary,367.98,1.787,657490187696,4417589,1625584400.22,,,,,미국 광역 다기간자료 없음,0.9836144807,MSS7.1-S1-US-1.0.0
미국,MRNA,Moderna Inc. Common Stock,Health Care,194.82,6.979,77779135895,16605494,3235082341.08,,,,,미국 광역 다기간자료 없음,0.9825530705,MSS7.1-S1-US-1.0.0
미국,GOOG,Alphabet Inc. Class C Capital Stock,Technology,339.01,1.203,4146092300000,15965035,5412306515.349999,,,,,미국 광역 다기간자료 없음,0.9824014405,MSS7.1-S1-US-1.0.0
미국,TMO,Thermo Fisher Scientific Inc Common Stock,Industrials,678.39,1.968,250832861350,2097970,1423241868.3,,,,,미국 광역 다기간자료 없음,0.9811694466,MSS7.1-S1-US-1.0.0
미국,MU,Micron Technology Inc. Common Stock,Technology,1080.53,0.807,1220343181450,22070294,23847614775.82,,,,,미국 광역 다기간자료 없음,0.9777862017,MSS7.1-S1-US-1.0.0
미국,VLO,Valero Energy Corporation Common Stock,Energy,382.86,1.868,110235907718,3726796,1426841116.56,,,,,미국 광역 다기간자료 없음,0.9758718726,MSS7.1-S1-US-1.0.0
미국,VZ,Verizon Communications Inc. Common Stock,Telecommunications,47.32,1.72,196603962559,21043704,995788073.28,,,,,미국 광역 다기간자료 없음,0.9756065201,MSS7.1-S1-US-1.0.0
미국,MA,Mastercard Incorporated Common Stock,Consumer Discretionary,566.08,1.1,495891706835,2165628,1225918698.24,,,,,미국 광역 다기간자료 없음,0.9751421531,MSS7.1-S1-US-1.0.0
미국,DIS,Walt Disney Company (The) Common Stock,Consumer Discretionary,105.56,2.03,182269069375,7886127,832459566.12,,,,,미국 광역 다기간자료 없음,0.9749336619,MSS7.1-S1-US-1.0.0
미국,UNH,UnitedHealth Group Incorporated Common Stock (DE),Health Care,375.01,1.002,336607043573,4652207,1744624147.07,,,,,미국 광역 다기간자료 없음,0.9747346475,MSS7.1-S1-US-1.0.0
미국,CDNS,Cadence Design Systems Inc. Common Stock,Technology,322,4.177,88676546000,2475438,797091036,,,,,미국 광역 다기간자료 없음,0.9744313874,MSS7.1-S1-US-1.0.0
미국,RCL,Royal Caribbean Cruises Ltd. Common Stock,Consumer Discretionary,238.98,3.769,63915699034,5478549,1309263640.02,,,,,미국 광역 다기간자료 없음,0.9736637604,MSS7.1-S1-US-1.0.0
미국,AXP,American Express Company Common Stock,Finance,305.66,1.225,206415203555,3955312,1208980665.92,,,,,미국 광역 다기간자료 없음,0.9731141016,MSS7.1-S1-US-1.0.0
미국,HPE,Hewlett Packard Enterprise Company Common Stock,Technology,63.52,1.909,84320562762,21472929,1363960450.0800002,,,,,미국 광역 다기간자료 없음,0.9722706596,MSS7.1-S1-US-1.0.0
미국,DDOG,Datadog Inc. Class A Common Stock,Technology,256.92,2.159,92253555166,3489556,896536727.5200001,,,,,미국 광역 다기간자료 없음,0.9712471569,MSS7.1-S1-US-1.0.0
미국,XOM,ExxonMobil Holdings Corporation Common Stock,Energy,162.14,0.564,666705405194,12484958,2024311090.12,,,,,미국 광역 다기간자료 없음,0.9709628506,MSS7.1-S1-US-1.0.0
미국,CSCO,Cisco Systems Inc. Common Stock (DE),Telecommunications,106.97,0.507,421738517805,32362244,3461789240.68,,,,,미국 광역 다기간자료 없음,0.9706690675,MSS7.1-S1-US-1.0.0
미국,P,Everpure Inc. Class A common stock,Technology,121.88,11.154,40613737352,11664669,1421689857.72,,,,,미국 광역 다기간자료 없음,0.9703658074,MSS7.1-S1-US-1.0.0
미국,JNJ,Johnson & Johnson Common Stock,Health Care,270.68,0.561,652311352236,6323739,1711709672.52,,,,,미국 광역 다기간자료 없음,0.9697877180,MSS7.1-S1-US-1.0.0
미국,DHR,Danaher Corporation Common Stock,Industrials,223.77,0.997,157307189304,6196751,1386646971.27,,,,,미국 광역 다기간자료 없음,0.9696076573,MSS7.1-S1-US-1.0.0
미국,SNPS,Synopsys Inc. Common Stock,Technology,424.91,2.869,81428327252,1716358,729297677.7800001,,,,,미국 광역 다기간자료 없음,0.9695792267,MSS7.1-S1-US-1.0.0
미국,APH,Amphenol Corporation Common Stock,Technology,83.08,1.083,204872531215,11712129,973043677.3199999,,,,,미국 광역 다기간자료 없음,0.9695413192,MSS7.1-S1-US-1.0.0
미국,PLTR,Palantir Technologies Inc. Class A Common Stock,Technology,192.59,0.417,462611479713,22675964,4367163906.76,,,,,미국 광역 다기간자료 없음,0.9693991660,MSS7.1-S1-US-1.0.0
미국,WELL,Welltower Inc. Common Stock,Real Estate,233.61,1.627,168373228003,2751259,642721614.99,,,,,미국 광역 다기간자료 없음,0.9691717210,MSS7.1-S1-US-1.0.0
미국,CTAS,Cintas Corporation Common Stock,Industrials,197.68,2.974,78976474501,3398787,671872214.16,,,,,미국 광역 다기간자료 없음,0.9685652009,MSS7.1-S1-US-1.0.0
미국,BKNG,Booking Holdings Inc. Common Stock,Consumer Discretionary,157.41,0.969,118274804505,9501590,1495645281.8999999,,,,,미국 광역 다기간자료 없음,0.9681861259,MSS7.1-S1-US-1.0.0
미국,NFLX,Netflix Inc. Common Stock,Consumer Discretionary,71.72,0.504,298637753563,28224058,2024229439.76,,,,,미국 광역 다기간자료 없음,0.9680818802,MSS7.1-S1-US-1.0.0
미국,ANET,Arista Networks Inc. Common Stock,Telecommunications,205.7,1.096,259433910094,3559074,732101521.8,,,,,미국 광역 다기간자료 없음,0.9679776346,MSS7.1-S1-US-1.0.0
미국,ABNB,Airbnb Inc. Class A Common Stock,Consumer Discretionary,151.39,1.21,90650164398,8597733,1301610798.87,,,,,미국 광역 다기간자료 없음,0.9671721001,MSS7.1-S1-US-1.0.0
미국,JPM,JP Morgan Chase & Co. Common Stock,Finance,338.56,0.305,899955518179,6941751,2350199218.56,,,,,미국 광역 다기간자료 없음,0.9666887794,MSS7.1-S1-US-1.0.0
미국,ILMN,Illumina Inc. Common Stock,Health Care,273.9,7.252,41358900000,3480314,953258004.5999999,,,,,미국 광역 다기간자료 없음,0.9664708112,MSS7.1-S1-US-1.0.0
미국,PFE,Pfizer Inc. Common Stock,Health Care,28.41,0.816,161927726663,34774778,987951442.98,,,,,미국 광역 다기간자료 없음,0.9644143290,MSS7.1-S1-US-1.0.0
미국,GEV,GE Vernova Inc. Common Stock,Technology,955.04,0.338,254359223198,1683690,1607991297.6,,,,,미국 광역 다기간자료 없음,0.9631254738,MSS7.1-S1-US-1.0.0
미국,BLK,BlackRock Inc. Common Stock,Finance,1073.45,1.184,166244406074,501393,538220315.85,,,,,미국 광역 다기간자료 없음,0.9627558757,MSS7.1-S1-US-1.0.0
미국,COP,ConocoPhillips Common Stock,Energy,129.34,0.976,155380989534,5362096,693533496.64,,,,,미국 광역 다기간자료 없음,0.9624810462,MSS7.1-S1-US-1.0.0
미국,AMZN,Amazon.com Inc. Common Stock,Consumer Discretionary,249.38,0.044,2689890878585,33040160,8239555100.8,,,,,미국 광역 다기간자료 없음,0.9624431387,MSS7.1-S1-US-1.0.0
미국,CRM,Salesforce Inc. Common Stock,Technology,238.22,0.269,196055060000,11073961,2638038989.42,,,,,미국 광역 다기간자료 없음,0.9618176649,MSS7.1-S1-US-1.0.0
미국,PWR,Quanta Services Inc. Common Stock,Industrials,643.5,1.355,94806712787,938055,603638392.5,,,,,미국 광역 다기간자료 없음,0.9616186505,MSS7.1-S1-US-1.0.0
미국,A,Agilent Technologies Inc. Common Stock,Industrials,172.84,4.549,48728583125,3053449,527758125.16,,,,,미국 광역 다기간자료 없음,0.9607088704,MSS7.1-S1-US-1.0.0
미국,DVN,Devon Energy Corporation Common Stock,Energy,48.9,1.79,53790000000,17590827,860191440.3,,,,,미국 광역 다기간자료 없음,0.9606330553,MSS7.1-S1-US-1.0.0
미국,T,AT&T Inc.,Telecommunications,25.45,0.593,174393214793,34217821,870843544.4499999,,,,,미국 광역 다기간자료 없음,0.9603961334,MSS7.1-S1-US-1.0.0
미국,WFC,Wells Fargo & Company Common Stock,Finance,82.18,0.342,248512265432,12235786,1005536893.4800001,,,,,미국 광역 다기간자료 없음,0.9593442002,MSS7.1-S1-US-1.0.0
미국,BAC,Bank of America Corporation Common Stock,Finance,56.03,0.054,391803690891,40990268,2296684716.04,,,,,미국 광역 다기간자료 없음,0.9593442002,MSS7.1-S1-US-1.0.0
미국,CVX,Chevron Corporation Common Stock,Energy,205.65,0.068,406317362498,9387794,1930599836.1000001,,,,,미국 광역 다기간자료 없음,0.9593442002,MSS7.1-S1-US-1.0.0
미국,VRTX,Vertex Pharmaceuticals Incorporated Common Stock,Health Care,522.38,1.17,132402917479,941060,491590922.8,,,,,미국 광역 다기간자료 없음,0.9589651251,MSS7.1-S1-US-1.0.0
미국,BMY,Bristol-Myers Squibb Company Common Stock,Health Care,61.5,0.572,125626951344,14902838,916524537,,,,,미국 광역 다기간자료 없음,0.9586334344,MSS7.1-S1-US-1.0.0
미국,MPC,Marathon Petroleum Corporation Common Stock,Energy,390.95,0.662,109788441095,2091003,817477622.85,,,,,미국 광역 다기간자료 없음,0.9577236543,MSS7.1-S1-US-1.0.0
미국,HLT,Hilton Worldwide Holdings Inc. Common Stock,Consumer Discretionary,312.13,1.598,70249510358,1683408,525442139.04,,,,,미국 광역 다기간자료 없음,0.9576099318,MSS7.1-S1-US-1.0.0
미국,C,Citigroup Inc. Common Stock,Finance,132.1,0.129,221589399034,8648713,1142494987.3,,,,,미국 광역 다기간자료 없음,0.9557335102,MSS7.1-S1-US-1.0.0
미국,IQV,IQVIA Holdings Inc. Common Stock,Health Care,275.02,2.673,45268292000,1893424,520729468.47999996,,,,,미국 광역 다기간자료 없음,0.9550322214,MSS7.1-S1-US-1.0.0
미국,KO,Coca-Cola Company (The) Common Stock,Consumer Staples,88.1,0.011,379054588308,13169076,1160195595.6,,,,,미국 광역 다기간자료 없음,0.9542835481,MSS7.1-S1-US-1.0.0
미국,PM,Philip Morris International Inc Common Stock,Health Care,191.5,0.346,298474473569,3151332,603480078,,,,,미국 광역 다기간자료 없음,0.9540087187,MSS7.1-S1-US-1.0.0
미국,ABBV,AbbVie Inc. Common Stock,Health Care,265.12,0.015,468498134599,3458170,916830030.4,,,,,미국 광역 다기간자료 없음,0.9525966641,MSS7.1-S1-US-1.0.0
미국,OXY,Occidental Petroleum Corporation Common Stock,Energy,58.05,1.203,58028949387,9848599,571711171.9499999,,,,,미국 광역 다기간자료 없음,0.9517816528,MSS7.1-S1-US-1.0.0
미국,COIN,Coinbase Global Inc. Class A Common Stock,Finance,199.21,0.545,52558953431,7383844,1470935563.24,,,,,미국 광역 다기간자료 없음,0.9512509477,MSS7.1-S1-US-1.0.0
미국,WBD,Warner Bros. Discovery Inc. Series A Common Stock,Telecommunications,30.84,0.26,77430090204,46110292,1422041405.28,,,,,미국 광역 다기간자료 없음,0.9507771039,MSS7.1-S1-US-1.0.0
미국,FANG,Diamondback Energy Inc. Common Stock,Energy,189.01,1.81,52927402961,2306992,436044557.91999996,,,,,미국 광역 다기간자료 없음,0.9507012889,MSS7.1-S1-US-1.0.0
미국,AZO,AutoZone Inc. Common Stock,Consumer Discretionary,2861.75,0.647,46719084671,481887,1379040122.25,,,,,미국 광역 다기간자료 없음,0.9502274450,MSS7.1-S1-US-1.0.0
미국,WAT,Waters Corporation Common Stock,Industrials,430.3,2.314,42276162163,1031521,443863486.3,,,,,미국 광역 다기간자료 없음,0.9498009856,MSS7.1-S1-US-1.0.0
미국,ISRG,Intuitive Surgical Inc. Common Stock,Health Care,399.52,0.306,141141641742,1565480,625440569.6,,,,,미국 광역 다기간자료 없음,0.9498009856,MSS7.1-S1-US-1.0.0
미국,COF,Capital One Financial Corporation Common Stock,Finance,196.61,0.26,120617253606,3688181,725133266.4100001,,,,,미국 광역 다기간자료 없음,0.9497630781,MSS7.1-S1-US-1.0.0
미국,LRCX,Lam Research Corporation Common Stock,Technology,307.16,-0.039,384355758360,7904001,2427792947.1600003,,,,,미국 광역 다기간자료 없음,0.9497630781,MSS7.1-S1-US-1.0.0
미국,DAL,Delta Air Lines Inc. Common Stock,Consumer Discretionary,82.76,1.235,54424881963,6256485,517786698.6,,,,,미국 광역 다기간자료 없음,0.9495924943,MSS7.1-S1-US-1.0.0
미국,PH,Parker-Hannifin Corporation Common Stock,Industrials,974.98,0.388,122957082377,552302,538483403.96,,,,,미국 광역 다기간자료 없음,0.9495545868,MSS7.1-S1-US-1.0.0
미국,AMAT,Applied Materials Inc. Common Stock,Technology,474.25,-0.027,376363587343,4165383,1975432887.75,,,,,미국 광역 다기간자료 없음,0.9492323730,MSS7.1-S1-US-1.0.0
미국,TJX,TJX Companies Inc. (The) Common Stock,Consumer Discretionary,131.63,0.03,144789585649,8134248,1070711064.24,,,,,미국 광역 다기간자료 없음,0.9491849886,MSS7.1-S1-US-1.0.0
미국,BNY,The Bank of New York Mellon Corporation Common Stock,Finance,150.19,0.455,101904537087,3544771,532389156.49,,,,,미국 광역 다기간자료 없음,0.9486921911,MSS7.1-S1-US-1.0.0
미국,KR,Kroger Company (The) Common Stock,Consumer Staples,58.92,2.221,34797486204,8089118,476610832.56,,,,,미국 광역 다기간자료 없음,0.9476023503,MSS7.1-S1-US-1.0.0
미국,MRK,Merck & Company Inc. Common Stock (new),Health Care,147.98,-0.068,365092058991,10312766,1526083112.6799998,,,,,미국 광역 다기간자료 없음,0.9469579227,MSS7.1-S1-US-1.0.0
미국,ALL,Allstate Corporation (The) Common Stock,Finance,227.17,0.669,57441740502,2967263,674073135.7099999,,,,,미국 광역 다기간자료 없음,0.9468347233,MSS7.1-S1-US-1.0.0
미국,AAPL,Apple Inc. Common Stock,Technology,335.92,-0.326,4902476945600,24733329,8308419877.68,,,,,미국 광역 다기간자료 없음,0.9465409401,MSS7.1-S1-US-1.0.0
미국,SYY,Sysco Corporation Common Stock,Consumer Discretionary,78.19,1.361,38462752532,6855586,536038269.34,,,,,미국 광역 다기간자료 없음,0.9463608795,MSS7.1-S1-US-1.0.0
미국,GE,GE Aerospace Common Stock,Technology,319.78,-0.006,331791740407,3728020,1192146235.6,,,,,미국 광역 다기간자료 없음,0.9460102350,MSS7.1-S1-US-1.0.0
미국,CAH,Cardinal Health Inc. Common Stock,Health Care,222.62,0.61,51549741384,3480951,774929311.62,,,,,미국 광역 다기간자료 없음,0.9457543594,MSS7.1-S1-US-1.0.0
미국,NVDA,NVIDIA Corporation Common Stock,Technology,224.58,-0.412,5412378000000,77808203,17474166229.74,,,,,미국 광역 다기간자료 없음,0.9447119030,MSS7.1-S1-US-1.0.0
미국,EMR,Emerson Electric Company Common Stock,Technology,156.14,1.003,87094892000,2071934,323511774.76,,,,,미국 광역 다기간자료 없음,0.9445981804,MSS7.1-S1-US-1.0.0
미국,STT,State Street Corporation Common Stock,Finance,181.09,0.634,49745742624,3492741,632500467.69,,,,,미국 광역 다기간자료 없음,0.9431861259,MSS7.1-S1-US-1.0.0
미국,AMGN,Amgen Inc. Common Stock,Health Care,406.04,-0.012,219518219310,2525241,1025348855.6400001,,,,,미국 광역 다기간자료 없음,0.9431197877,MSS7.1-S1-US-1.0.0
미국,VEEV,Veeva Systems Inc. Class A Common Stock,Technology,274.84,1.511,44499028334,1380053,379293766.52,,,,,미국 광역 다기간자료 없음,0.9429776346,MSS7.1-S1-US-1.0.0
미국,XYZ,Block Inc. Class A Common Stock,Technology,76.74,2.758,46105008300,3654550,280450167,,,,,미국 광역 다기간자료 없음,0.9429112964,MSS7.1-S1-US-1.0.0
미국,HWM,Howmet Aerospace Inc. Common Stock,Industrials,229.38,0.262,91477064903,2228095,511080431.09999996,,,,,미국 광역 다기간자료 없음,0.9423332070,MSS7.1-S1-US-1.0.0
미국,FIX,Comfort Systems USA Inc. Common Stock,Industrials,1643.39,1.076,57838008335,218394,358906515.66,,,,,미국 광역 다기간자료 없음,0.9416319181,MSS7.1-S1-US-1.0.0
미국,EOG,EOG Resources Inc. Common Stock,Energy,142.86,0.719,74934238083,2672414,381781064.04,,,,,미국 광역 다기간자료 없음,0.9415181956,MSS7.1-S1-US-1.0.0
미국,CIEN,Ciena Corporation Common Stock,Utilities,358.43,0.708,50828429616,1421174,509391396.82,,,,,미국 광역 다기간자료 없음,0.9414423806,MSS7.1-S1-US-1.0.0
미국,HUM,Humana Inc. Common Stock,Health Care,380.32,1.478,45668942739,899024,341916807.68,,,,,미국 광역 다기간자료 없음,0.9412054587,MSS7.1-S1-US-1.0.0
미국,MSFT,Microsoft Corporation Common Stock,Technology,497.93,-0.531,3697401866334,16657760,8294398436.8,,,,,미국 광역 다기간자료 없음,0.9408263836,MSS7.1-S1-US-1.0.0
미국,ICE,Intercontinental Exchange Inc. Common Stock,Finance,156.93,0.371,88099636845,2683552,421129815.36,,,,,미국 광역 다기간자료 없음,0.9402956785,MSS7.1-S1-US-1.0.0
미국,KEYS,Keysight Technologies Inc. Common Stock,Industrials,357.54,1.183,60869306127,845305,302230349.7,,,,,미국 광역 다기간자료 없음,0.9401156179,MSS7.1-S1-US-1.0.0
미국,BSX,Boston Scientific Corporation Common Stock,Health Care,44.68,0.134,64751575222,17297544,772854265.92,,,,,미국 광역 다기간자료 없음,0.9401156179,MSS7.1-S1-US-1.0.0
미국,SCHW,Charles Schwab Corporation (The) Common Stock,Finance,99.49,-0.01,172051610186,8907176,886174940.24,,,,,미국 광역 다기간자료 없음,0.9398786960,MSS7.1-S1-US-1.0.0
미국,TSLA,Tesla Inc. Common Stock,Industrials,377.94,-0.574,1492691942088,26166375,9889319767.5,,,,,미국 광역 다기간자료 없음,0.9397934041,MSS7.1-S1-US-1.0.0
미국,EQT,EQT Corporation Common Stock,Energy,51.87,1.586,32445514920,8136207,422025057.09,,,,,미국 광역 다기간자료 없음,0.9397460197,MSS7.1-S1-US-1.0.0
미국,BRK/B,Berkshire Hathaway Inc.,Uncategorized,505.18,-0.392,1114584378402,2706197,1367116600.46,,,,,미국 광역 다기간자료 없음,0.9395754359,MSS7.1-S1-US-1.0.0
미국,TRV,The Travelers Companies Inc. Common Stock,Finance,362.39,0.555,75585502223,1053647,381831136.33,,,,,미국 광역 다기간자료 없음,0.9393100834,MSS7.1-S1-US-1.0.0
미국,AME,AMETEK Inc.,Industrials,247.74,0.523,56797180589,1992119,493527561.06,,,,,미국 광역 다기간자료 없음,0.9392058378,MSS7.1-S1-US-1.0.0
미국,EXPE,Expedia Group Inc. Common Stock,Consumer Discretionary,261.75,1.046,29969299469,2276975,595998206.25,,,,,미국 광역 다기간자료 없음,0.9386277483,MSS7.1-S1-US-1.0.0
미국,CVNA,Carvana Co. Class A Common Stock,Consumer Discretionary,64.18,0.36,70627764759,6971754,447447171.72,,,,,미국 광역 다기간자료 없음,0.9382391964,MSS7.1-S1-US-1.0.0
미국,ROST,Ross Stores Inc. Common Stock,Consumer Discretionary,235.4,0.607,75199262094,1454504,342390241.6,,,,,미국 광역 다기간자료 없음,0.9378506444,MSS7.1-S1-US-1.0.0
미국,KLAC,KLA Corporation Common Stock,Technology,187.11,-0.399,244179764718,7799579,1459379226.69,,,,,미국 광역 다기간자료 없음,0.9365049280,MSS7.1-S1-US-1.0.0
미국,GDDY,GoDaddy Inc. Class A Common Stock,Technology,100.81,4.596,12767355040,9575838,965340228.78,,,,,미국 광역 다기간자료 없음,0.9354909022,MSS7.1-S1-US-1.0.0
미국,TMUS,T-Mobile US Inc. Common Stock,Telecommunications,165.35,-0.187,177366251210,4986518,824520751.3,,,,,미국 광역 다기간자료 없음,0.9352918878,MSS7.1-S1-US-1.0.0
미국,FTNT,Fortinet Inc. Common Stock,Technology,178.67,-0.039,131092618382,3759637,671734342.79,,,,,미국 광역 다기간자료 없음,0.9350928734,MSS7.1-S1-US-1.0.0
미국,ORLY,O'Reilly Automotive Inc. Common Stock,Consumer Discretionary,86.24,0.396,69764778702,4350290,375169009.59999996,,,,,미국 광역 다기간자료 없음,0.9348559515,MSS7.1-S1-US-1.0.0
미국,LYV,Live Nation Entertainment Inc. Common Stock,Consumer Discretionary,171.06,1.201,40307528092,1936698,331291559.88,,,,,미국 광역 다기간자료 없음,0.9348085671,MSS7.1-S1-US-1.0.0
미국,LIN,Linde plc Ordinary Shares,Basic Materials,468.14,-0.336,215803253507,2085195,976163187.3,,,,,미국 광역 다기간자료 없음,0.9343157695,MSS7.1-S1-US-1.0.0
미국,RL,Ralph Lauren Corporation Common Stock,Industrials,351.86,4.264,20964606615,944506,332333881.16,,,,,미국 광역 다기간자료 없음,0.9333396513,MSS7.1-S1-US-1.0.0
미국,UBER,Uber Technologies Inc. Common Stock,Consumer Discretionary,69.22,-0.288,141386011576,14479710,1002285526.1999999,,,,,미국 광역 다기간자료 없음,0.9331501137,MSS7.1-S1-US-1.0.0
미국,GLW,Corning Incorporated Common Stock,Industrials,154.15,-0.214,132783011224,5401611,832658335.65,,,,,미국 광역 다기간자료 없음,0.9327615618,MSS7.1-S1-US-1.0.0
미국,GWW,W.W. Grainger Inc. Common Stock,Industrials,1279.47,0.693,60264242261,229698,293891700.06,,,,,미국 광역 다기간자료 없음,0.9324109174,MSS7.1-S1-US-1.0.0
미국,SMCI,Super Micro Computer Inc. Common Stock,Technology,41.51,0.169,27270633090,34885564,1448099761.6399999,,,,,미국 광역 다기간자료 없음,0.9318328279,MSS7.1-S1-US-1.0.0
미국,MCD,McDonald's Corporation Common Stock,Consumer Discretionary,237.02,-0.545,167725195678,7387536,1750993782.72,,,,,미국 광역 다기간자료 없음,0.9315674754,MSS7.1-S1-US-1.0.0
미국,RVTY,Revvity Inc. Common Stock,Industrials,150.68,6.031,16813838903,2540204,382757938.72,,,,,미국 광역 다기간자료 없음,0.9314632297,MSS7.1-S1-US-1.0.0
미국,CRL,Charles River Laboratories International Inc. Common Stock,Health Care,294.44,6.17,14056233472,1591190,468509983.6,,,,,미국 광역 다기간자료 없음,0.9313779378,MSS7.1-S1-US-1.0.0
미국,NTAP,NetApp Inc. Common Stock,Technology,197.24,0.464,38741684546,2347973,463114194.52000004,,,,,미국 광역 다기간자료 없음,0.9313021228,MSS7.1-S1-US-1.0.0
미국,WM,Waste Management Inc. Common Stock,Utilities,207.96,0.038,83124769665,2028646,421877222.16,,,,,미국 광역 다기간자료 없음,0.9312357847,MSS7.1-S1-US-1.0.0
미국,MRVL,Marvell Technology Inc. Common Stock,Technology,258.95,-0.747,227073255000,13424764,3476342637.7999997,,,,,미국 광역 다기간자료 없음,0.9311978772,MSS7.1-S1-US-1.0.0
미국,CAT,Caterpillar Inc. Common Stock,Industrials,805.25,-0.834,370153204367,2198329,1770204427.25,,,,,미국 광역 다기간자료 없음,0.9292456406,MSS7.1-S1-US-1.0.0
미국,COST,Costco Wholesale Corporation Common Stock,Consumer Discretionary,896.48,-0.909,397569878210,2893937,2594356641.76,,,,,미국 광역 다기간자료 없음,0.9291603487,MSS7.1-S1-US-1.0.0
미국,UAL,United Airlines Holdings Inc. Common Stock,Consumer Discretionary,111.19,0.424,36090469609,4004924,445307499.56,,,,,미국 광역 다기간자료 없음,0.9287244124,MSS7.1-S1-US-1.0.0
미국,DG,Dollar General Corporation Common Stock,Consumer Discretionary,122.53,1.6,27032175279,2324818,284859949.54,,,,,미국 광역 다기간자료 없음,0.9285253980,MSS7.1-S1-US-1.0.0
미국,PSX,Phillips 66 Common Stock,Energy,255.87,-0.238,102097481777,2751872,704121488.64,,,,,미국 광역 다기간자료 없음,0.9279283548,MSS7.1-S1-US-1.0.0
미국,RDDT,Reddit Inc. Class A Common Stock,Technology,152.72,0.487,29382795007,3262617,498266868.24,,,,,미국 광역 다기간자료 없음,0.9278335861,MSS7.1-S1-US-1.0.0
미국,MO,Altria Group Inc.,Health Care,68.88,-0.102,115011961623,7382115,508480081.2,,,,,미국 광역 다기간자료 없음,0.9277293404,MSS7.1-S1-US-1.0.0
미국,PANW,Palo Alto Networks Inc. Common Stock,Technology,389.92,-0.859,318954560000,3970230,1548072081.6000001,,,,,미국 광역 다기간자료 없음,0.9276156179,MSS7.1-S1-US-1.0.0
미국,PGR,Progressive Corporation (The) Common Stock,Finance,202.17,-0.473,117535930741,5083600,1027751411.9999999,,,,,미국 광역 다기간자료 없음,0.9276061410,MSS7.1-S1-US-1.0.0
미국,NKE,Nike Inc. Common Stock,Consumer Discretionary,35.99,-0.166,53391118321,39238510,1412193974.9,,,,,미국 광역 다기간자료 없음,0.9273407885,MSS7.1-S1-US-1.0.0
미국,EXE,Expand Energy Corporation Common Stock,Energy,88.62,1.815,20515865781,3935650,348777303,,,,,미국 광역 다기간자료 없음,0.9271417741,MSS7.1-S1-US-1.0.0
미국,TFC,Truist Financial Corporation Common Stock,Finance,47.18,0.383,57636323550,6372158,300638414.44,,,,,미국 광역 다기간자료 없음,0.9270849128,MSS7.1-S1-US-1.0.0
미국,PYPL,PayPal Holdings Inc. Common Stock,Industrials,52.6,0.171,44997241972,8535955,448991233,,,,,미국 광역 다기간자료 없음,0.9270564822,MSS7.1-S1-US-1.0.0
미국,OKE,ONEOK Inc. Common Stock,Utilities,91.18,0.707,57477106237,2702688,246431091.84,,,,,미국 광역 다기간자료 없음,0.9268290371,MSS7.1-S1-US-1.0.0
미국,AVGO,Broadcom Inc. Common Stock,Technology,350.36,-1.304,1672488959501,20930805,7333316839.8,,,,,미국 광역 다기간자료 없음,0.9253032600,MSS7.1-S1-US-1.0.0
미국,ADP,Automatic Data Processing Inc. Common Stock,Technology,263.11,-0.216,104523798732,1993703,524563196.33000004,,,,,미국 광역 다기간자료 없음,0.9250663381,MSS7.1-S1-US-1.0.0
미국,NET,Cloudflare Inc. Class A Common Stock,Technology,358.82,1.842,127768523336,3160216,1133948705.12,,,,,미국 광역 다기간자료 없음,0.9250284306,MSS7.1-S1-US-1.0.0
미국,TXN,Texas Instruments Incorporated Common Stock,Technology,270.65,-0.723,247170486216,3342437,904630574.05,,,,,미국 광역 다기간자료 없음,0.9247251706,MSS7.1-S1-US-1.0.0
미국,ADI,Analog Devices Inc. Common Stock,Technology,382.61,-0.68,185399592564,2372478,907733807.58,,,,,미국 광역 다기간자료 없음,0.9246588324,MSS7.1-S1-US-1.0.0
미국,CRWD,CrowdStrike Holdings Inc. Class A Common Stock,Technology,259.67,-1.074,265885160422,8399301,2181046490.67,,,,,미국 광역 다기간자료 없음,0.9242608036,MSS7.1-S1-US-1.0.0
미국,ELV,Elevance Health Inc. Common Stock,Health Care,398.25,-0.078,86368194743,1169493,465750587.25,,,,,미국 광역 다기간자료 없음,0.9241565580,MSS7.1-S1-US-1.0.0
미국,TGT,Target Corporation Common Stock,Consumer Discretionary,156.15,-0.07,70938435326,3349065,522956499.75,,,,,미국 광역 다기간자료 없음,0.9237206217,MSS7.1-S1-US-1.0.0
미국,LMT,Lockheed Martin Corporation Common Stock,Industrials,523.7,-0.187,120865117346,833635,436574649.50000006,,,,,미국 광역 다기간자료 없음,0.9235026535,MSS7.1-S1-US-1.0.0
미국,NUE,Nucor Corporation Common Stock,Industrials,247.96,0.397,56256092621,1076224,266860503.04000002,,,,,미국 광역 다기간자료 없음,0.9233889310,MSS7.1-S1-US-1.0.0
미국,MET,MetLife Inc. Common Stock,Finance,97.25,0.051,61800131151,3442899,334821927.75,,,,,미국 광역 다기간자료 없음,0.9230098560,MSS7.1-S1-US-1.0.0
미국,CRWV,CoreWeave Inc. Class A Common Stock,Technology,90.13,3.717,49709993938,33748966,3041794305.58,,,,,미국 광역 다기간자료 없음,0.9229909022,MSS7.1-S1-US-1.0.0
미국,PLD,Prologis Inc. Common Stock,Real Estate,133.82,-0.105,126871530320,2763976,369875268.32,,,,,미국 광역 다기간자료 없음,0.9223843821,MSS7.1-S1-US-1.0.0
미국,MAR,Marriott International Class A Common Stock,Consumer Discretionary,351.51,-0.043,91661957895,1105809,388702921.59,,,,,미국 광역 다기간자료 없음,0.9221379833,MSS7.1-S1-US-1.0.0
미국,RKLB,Rocket Lab Corporation Common Stock,Industrials,73.61,4.694,46209394388,25304986,1862700019.46,,,,,미국 광역 다기간자료 없음,0.9218631539,MSS7.1-S1-US-1.0.0
미국,LH,Labcorp Holdings Inc. Common Stock,Health Care,308.95,1.635,25055845000,785195,242585995.25,,,,,미국 광역 다기간자료 없음,0.9217683851,MSS7.1-S1-US-1.0.0
미국,MRSH,Marsh Common Stock,Finance,169.93,-0.264,81092510771,3197094,543282183.4200001,,,,,미국 광역 다기간자료 없음,0.9216451857,MSS7.1-S1-US-1.0.0
미국,JBL,Jabil Inc. Common Stock,Technology,310.69,0.628,32556300681,973443,302439005.67,,,,,미국 광역 다기간자료 없음,0.9214461713,MSS7.1-S1-US-1.0.0
미국,UNP,Union Pacific Corporation Common Stock,Industrials,274.07,-0.53,162818271737,2087902,572231301.14,,,,,미국 광역 다기간자료 없음,0.9213514026,MSS7.1-S1-US-1.0.0
미국,SBUX,Starbucks Corporation Common Stock,Consumer Discretionary,93.65,-0.521,106761000000,7232572,677330367.8000001,,,,,미국 광역 다기간자료 없음,0.9211902957,MSS7.1-S1-US-1.0.0
미국,LITE,Lumentum Holdings Inc. Common Stock,Telecommunications,929.04,-0.85,83334888000,3677047,3416123744.8799996,,,,,미국 광역 다기간자료 없음,0.9210102350,MSS7.1-S1-US-1.0.0
미국,MS,Morgan Stanley Common Stock,Finance,196.32,-1.043,308333574445,5198700,1020608784,,,,,미국 광역 다기간자료 없음,0.9205174375,MSS7.1-S1-US-1.0.0
미국,USB,U.S. Bancorp Common Stock,Finance,58.4,-0.137,90990204446,7083331,413666530.4,,,,,미국 광역 다기간자료 없음,0.9205079606,MSS7.1-S1-US-1.0.0
미국,PG,Procter & Gamble Company (The) Common Stock,Consumer Discretionary,145.68,-1.16,338623408181,7430961,1082542398.48,,,,,미국 광역 다기간자료 없음,0.9193612585,MSS7.1-S1-US-1.0.0
미국,GS,Goldman Sachs Group Inc. (The) Common Stock,Finance,923.29,-1.396,268835649292,2354554,2173936162.66,,,,,미국 광역 다기간자료 없음,0.9193043973,MSS7.1-S1-US-1.0.0
미국,PRU,Prudential Financial Inc. Common Stock,Finance,118.75,0.986,40968750000,1683258,199886887.5,,,,,미국 광역 다기간자료 없음,0.9192854435,MSS7.1-S1-US-1.0.0
미국,APP,Applovin Corporation Class A Common Stock,Technology,312.47,-0.882,104568397970,3974153,1241803587.91,,,,,미국 광역 다기간자료 없음,0.9192191054,MSS7.1-S1-US-1.0.0
미국,NTRA,Natera Inc. Common Stock,Health Care,408.79,4.606,58924695254,1963794,802779349.26,,,,,미국 광역 다기간자료 없음,0.9191243366,MSS7.1-S1-US-1.0.0
미국,DGX,Quest Diagnostics Incorporated Common Stock,Health Care,236.59,1.541,26113233242,927181,219361752.79,,,,,미국 광역 다기간자료 없음,0.9186884003,MSS7.1-S1-US-1.0.0
미국,TRGP,Targa Resources Inc. Common Stock,Utilities,283.15,0.049,60716143596,978922,277181764.29999995,,,,,미국 광역 다기간자료 없음,0.9180629265,MSS7.1-S1-US-1.0.0
미국,ADBE,Adobe Inc. Common Stock,Technology,238.93,-0.731,92991556000,3679842,879224649.0600001,,,,,미국 광역 다기간자료 없음,0.9179681577,MSS7.1-S1-US-1.0.0
미국,EQIX,Equinix Inc. Common Stock REIT,Real Estate,1034.76,-0.279,102101513805,397153,410958038.28,,,,,미국 광역 다기간자료 없음,0.9179112964,MSS7.1-S1-US-1.0.0
미국,MDT,Medtronic plc. Ordinary Shares,Health Care,88.51,-0.885,113216494644,10967728,970753605.2800001,,,,,미국 광역 다기간자료 없음,0.9174469295,MSS7.1-S1-US-1.0.0
미국,HD,Home Depot Inc. (The) Common Stock,Consumer Discretionary,292.18,-1.53,291504954925,7058967,2062488978.06,,,,,미국 광역 다기간자료 없음,0.9172668688,MSS7.1-S1-US-1.0.0
미국,VST,Vistra Corp. Common Stock,Utilities,137.94,-0.022,46297518798,3645049,502798059.06,,,,,미국 광역 다기간자료 없음,0.9172479151,MSS7.1-S1-US-1.0.0
미국,FCX,Freeport-McMoRan Inc. Common Stock,Basic Materials,72.08,-0.689,103508143058,9142237,658972442.96,,,,,미국 광역 다기간자료 없음,0.9169636088,MSS7.1-S1-US-1.0.0
미국,VTR,Ventas Inc. Common Stock,Real Estate,86.83,0.219,44539132352,3133417,272074598.11,,,,,미국 광역 다기간자료 없음,0.9167361638,MSS7.1-S1-US-1.0.0
미국,VTRS,Viatris Inc. Common Stock,Health Care,17.42,1.752,20008452851,13744943,239436907.06000003,,,,,미국 광역 다기간자료 없음,0.9160253980,MSS7.1-S1-US-1.0.0
미국,CBRE,CBRE Group Inc Common Stock Class A,Finance,136.53,0.088,39535715436,2384919,325612991.07,,,,,미국 광역 다기간자료 없음,0.9158453374,MSS7.1-S1-US-1.0.0
미국,DHI,D.R. Horton Inc. Common Stock,Consumer Discretionary,140.35,0.128,39256072823,2160921,303285262.34999996,,,,,미국 광역 다기간자료 없음,0.9156178923,MSS7.1-S1-US-1.0.0
미국,TWLO,Twilio Inc. Class A Common Stock,Technology,299.66,3.082,46020350425,3717267,1113916229.22,,,,,미국 광역 다기간자료 없음,0.9152956785,MSS7.1-S1-US-1.0.0
미국,QCOM,QUALCOMM Incorporated Common Stock,Technology,194.26,-1.511,204018441493,9089015,1765632053.8999999,,,,,미국 광역 다기간자료 없음,0.9152103867,MSS7.1-S1-US-1.0.0
미국,ED,Consolidated Edison Inc. Common Stock,Utilities,102.71,0.097,37985098895,3026600,310862086,,,,,미국 광역 다기간자료 없음,0.9149071266,MSS7.1-S1-US-1.0.0
미국,RJF,Raymond James Financial Inc. Common Stock,Finance,158.76,0.335,30539345238,1884489,299181473.64,,,,,미국 광역 다기간자료 없음,0.9149071266,MSS7.1-S1-US-1.0.0
미국,PNC,PNC Financial Services Group Inc. (The) Common Stock,Finance,223.34,-0.308,89100078588,1723719,384975401.46,,,,,미국 광역 다기간자료 없음,0.9147744503,MSS7.1-S1-US-1.0.0
미국,KHC,The Kraft Heinz Company Common Stock,Consumer Staples,23.86,0.294,28293754866,13465411,321284706.46,,,,,미국 광역 다기간자료 없음,0.9141584534,MSS7.1-S1-US-1.0.0
미국,TDG,Transdigm Group Incorporated Common Stock,Industrials,1105.28,0,61096037552,304668,336743447.04,,,,,미국 광역 다기간자료 없음,0.9141394996,MSS7.1-S1-US-1.0.0
미국,MSCI,MSCI Inc. Common Stock,Consumer Discretionary,556.08,0.068,40427016000,541145,300919911.6,,,,,미국 광역 다기간자료 없음,0.9138741471,MSS7.1-S1-US-1.0.0
미국,SPGI,S&P Global Inc. Common Stock,Finance,403.25,-0.8,118878100000,1475573,595024812.25,,,,,미국 광역 다기간자료 없음,0.9138362396,MSS7.1-S1-US-1.0.0
미국,GILD,Gilead Sciences Inc. Common Stock,Health Care,149.69,-1.11,185608887152,5075255,759714920.95,,,,,미국 광역 다기간자료 없음,0.9138078089,MSS7.1-S1-US-1.0.0
미국,RVMD,Revolution Medicines Inc. Common Stock,Health Care,199.86,4.781,42837276501,4067164,812863397.0400001,,,,,미국 광역 다기간자료 없음,0.9137699014,MSS7.1-S1-US-1.0.0
미국,DASH,DoorDash Inc. Class A Common Stock,Consumer Discretionary,187.53,-0.919,81256362126,5530891,1037207989.23,,,,,미국 광역 다기간자료 없음,0.9136940864,MSS7.1-S1-US-1.0.0
미국,LUV,Southwest Airlines Company Common Stock,Consumer Discretionary,41.55,1.243,20326600752,6022975,250254611.24999997,,,,,미국 광역 다기간자료 없음,0.9135424564,MSS7.1-S1-US-1.0.0
미국,GEHC,GE HealthCare Technologies Inc. Common Stock,Health Care,66.38,0.439,29982933408,3966557,263300053.66,,,,,미국 광역 다기간자료 없음,0.9133339651,MSS7.1-S1-US-1.0.0
미국,TER,Teradyne Inc. Common Stock,Industrials,387.7,-0.37,60613308775,1333474,516987869.8,,,,,미국 광역 다기간자료 없음,0.9133150114,MSS7.1-S1-US-1.0.0
미국,BA,Boeing Company (The) Common Stock,Industrials,196.8,-1.566,155544819936,9625003,1894200590.4,,,,,미국 광역 다기간자료 없음,0.9130401820,MSS7.1-S1-US-1.0.0
미국,HON,Honeywell International Inc. Common Stock,Industrials,211.79,-0.367,67124724718,2144865,454260958.34999996,,,,,미국 광역 다기간자료 없음,0.9127084913,MSS7.1-S1-US-1.0.0
미국,CSX,CSX Corporation Common Stock,Industrials,46.95,-0.509,86973697353,9554895,448602320.25,,,,,미국 광역 다기간자료 없음,0.9124810462,MSS7.1-S1-US-1.0.0
미국,CPAY,Corpay Inc. Common Stock,Consumer Discretionary,400.32,1.306,26284850672,458204,183428225.28,,,,,미국 광역 다기간자료 없음,0.9122630781,MSS7.1-S1-US-1.0.0
미국,TPR,Tapestry Inc. Common Stock,Consumer Discretionary,112.12,1.457,22355794937,1817544,203783033.28,,,,,미국 광역 다기간자료 없음,0.9121967400,MSS7.1-S1-US-1.0.0
미국,PEP,PepsiCo Inc. Common Stock,Consumer Staples,128.15,-1.559,174910853158,9642937,1235742376.55,,,,,미국 광역 다기간자료 없음,0.9118366187,MSS7.1-S1-US-1.0.0
미국,SPG,Simon Property Group Inc. Common Stock,Real Estate,204.7,0.264,66230995121,869772,178042328.39999998,,,,,미국 광역 다기간자료 없음,0.9118176649,MSS7.1-S1-US-1.0.0
미국,GPN,Global Payments Inc. Common Stock,Consumer Discretionary,85.31,1.56,22574594851,2260286,192824998.66,,,,,미국 광역 다기간자료 없음,0.9117892343,MSS7.1-S1-US-1.0.0
미국,CCL,Carnival Corporation Ltd. Common Shares,Consumer Discretionary,21.79,-0.046,29844654303,28503294,621086776.26,,,,,미국 광역 다기간자료 없음,0.9115807430,MSS7.1-S1-US-1.0.0
미국,O,Realty Income Corporation Common Stock,Real Estate,55.41,-0.36,52429941209,9367972,519079328.52,,,,,미국 광역 다기간자료 없음,0.9112869598,MSS7.1-S1-US-1.0.0
미국,SYF,Synchrony Financial Common Stock,Finance,71.55,1.245,26620717559,2502899,179082423.45,,,,,미국 광역 다기간자료 없음,0.9111448067,MSS7.1-S1-US-1.0.0
미국,CMI,Cummins Inc. Common Stock,Industrials,521.07,-0.682,71732834241,1186230,618108866.1,,,,,미국 광역 다기간자료 없음,0.9109742229,MSS7.1-S1-US-1.0.0
미국,HOOD,Robinhood Markets Inc. Class A Common Stock,Finance,120.82,-1.532,108627120224,14977739,1809610425.9799998,,,,,미국 광역 다기간자료 없음,0.9108889310,MSS7.1-S1-US-1.0.0
미국,CVS,CVS Health Corporation Common Stock,Consumer Staples,85.05,-0.943,108776429883,7382822,627909011.1,,,,,미국 광역 다기간자료 없음,0.9107846854,MSS7.1-S1-US-1.0.0
미국,WMT,Walmart Inc. Common Stock,Consumer Discretionary,107.59,-2.66,853591758069,26173992,2816059799.28,,,,,미국 광역 다기간자료 없음,0.9104435178,MSS7.1-S1-US-1.0.0
미국,DELL,Dell Technologies Inc. Class C Common Stock,Technology,536.02,-2.512,340808350255,7963003,4268328868.06,,,,,미국 광역 다기간자료 없음,0.9102729340,MSS7.1-S1-US-1.0.0
미국,CASY,Casey's General Stores Inc. Common Stock,Consumer Discretionary,598.85,0.258,22133596008,612811,366981867.35,,,,,미국 광역 다기간자료 없음,0.9098654284,MSS7.1-S1-US-1.0.0
미국,FAST,Fastenal Company Common Stock,Consumer Discretionary,50.73,-0.51,58212551878,10273440,521171611.2,,,,,미국 광역 다기간자료 없음,0.9093347233,MSS7.1-S1-US-1.0.0
미국,CHTR,Charter Communications Inc. Class A Common Stock New,Telecommunications,117.55,0.806,13468584185,3621381,425693336.55,,,,,미국 광역 다기간자료 없음,0.9087376801,MSS7.1-S1-US-1.0.0
미국,FISV,Fiserv Inc. Common Stock,Consumer Discretionary,45.98,0.065,24450633832,8155509,374990303.82,,,,,미국 광역 다기간자료 없음,0.9083491281,MSS7.1-S1-US-1.0.0
미국,REGN,Regeneron Pharmaceuticals Inc. Common Stock,Health Care,796.02,-0.723,81954229548,602656,479726229.12,,,,,미국 광역 다기간자료 없음,0.9082922669,MSS7.1-S1-US-1.0.0
미국,VRT,Vertiv Holdings LLC Class A Common Stock,Technology,245.3,-1.399,94437598837,4128490,1012718597,,,,,미국 광역 다기간자료 없음,0.9077236543,MSS7.1-S1-US-1.0.0
미국,SO,Southern Company (The) Common Stock,Utilities,82.89,-0.695,95353586252,4918785,407718088.65,,,,,미국 광역 다기간자료 없음,0.9075909780,MSS7.1-S1-US-1.0.0
미국,CFG,Citizens Financial Group Inc. Common Stock,Finance,64.73,0.186,27262773487,4280652,277086603.96000004,,,,,미국 광역 다기간자료 없음,0.9075435936,MSS7.1-S1-US-1.0.0
미국,NEE,NextEra Energy Inc. Common Stock,Utilities,75.62,-1.818,157741672165,15103033,1142091355.46,,,,,미국 광역 다기간자료 없음,0.9072782411,MSS7.1-S1-US-1.0.0
미국,ORCL,Oracle Corporation Common Stock,Technology,139.54,-3.473,421932121440,56629447,7902073034.379999,,,,,미국 광역 다기간자료 없음,0.9062357847,MSS7.1-S1-US-1.0.0
미국,ITW,Illinois Tool Works Inc. Common Stock,Industrials,272,-0.519,77465600000,1338044,363947968,,,,,미국 광역 다기간자료 없음,0.9059420015,MSS7.1-S1-US-1.0.0
미국,CEG,Constellation Energy Corporation Common Stock,Utilities,261.62,-0.856,92693896494,1686892,441324685.04,,,,,미국 광역 다기간자료 없음,0.9056197877,MSS7.1-S1-US-1.0.0
미국,SNDK,Sandisk Corporation Common Stock,Technology,1753.62,-3.465,256763288534,8231868,14435568362.16,,,,,미국 광역 다기간자료 없음,0.9049658832,MSS7.1-S1-US-1.0.0
미국,NOW,ServiceNow Inc. Common Stock,Technology,137.78,-2.131,142464520000,9578739,1319758659.42,,,,,미국 광역 다기간자료 없음,0.9048047763,MSS7.1-S1-US-1.0.0
미국,DUK,Duke Energy Corporation (Holding Company) Common Stock,Utilities,113.23,-0.823,88285679313,3757219,425429907.37,,,,,미국 광역 다기간자료 없음,0.9045962851,MSS7.1-S1-US-1.0.0
미국,CME,CME Group Inc. Class A Common Stock,Finance,268.91,-0.698,96694459613,1255001,337482318.91,,,,,미국 광역 다기간자료 없음,0.9041129644,MSS7.1-S1-US-1.0.0
미국,HBAN,Huntington Bancshares Incorporated Common Stock,Finance,15.31,-0.455,30932550986,46692009,714854657.7900001,,,,,미국 광역 다기간자료 없음,0.9038476118,MSS7.1-S1-US-1.0.0
미국,SYK,Stryker Corporation Common Stock,Health Care,269.75,-1.335,103468829159,2291502,618132664.5,,,,,미국 광역 다기간자료 없음,0.9034021986,MSS7.1-S1-US-1.0.0
미국,LOW,Lowe's Companies Inc. Common Stock,Consumer Discretionary,188.49,-1.5,105753072041,3742861,705491869.89,,,,,미국 광역 다기간자료 없음,0.9033453374,MSS7.1-S1-US-1.0.0
미국,RTX,RTX Corporation Common Stock,Industrials,188.61,-1.863,254200663540,3410066,643172548.26,,,,,미국 광역 다기간자료 없음,0.9032410917,MSS7.1-S1-US-1.0.0
미국,EME,EMCOR Group Inc. Common Stock,Industrials,751.96,0.021,33168881156,328195,246789512.20000002,,,,,미국 광역 다기간자료 없음,0.9031368461,MSS7.1-S1-US-1.0.0
미국,FITB,Fifth Third Bancorp Common Stock,Finance,51.46,-0.445,46668691343,8171691,420515218.86,,,,,미국 광역 다기간자료 없음,0.9029852161,MSS7.1-S1-US-1.0.0
미국,DE,Deere & Company Common Stock,Industrials,694.94,-2.049,187373483815,1175669,817019414.86,,,,,미국 광역 다기간자료 없음,0.9026724792,MSS7.1-S1-US-1.0.0
미국,KEY,KeyCorp Common Stock,Finance,20.25,0.049,21609353219,16552715,335192478.75,,,,,미국 광역 다기간자료 없음,0.9022460197,MSS7.1-S1-US-1.0.0
미국,BBY,Best Buy Co. Inc. Common Stock,Consumer Discretionary,91,0.22,19085220518,3376135,307228285,,,,,미국 광역 다기간자료 없음,0.9020090978,MSS7.1-S1-US-1.0.0
미국,CL,Colgate-Palmolive Company Common Stock,Consumer Discretionary,85.32,-0.71,68014785770,4778646,407714076.71999997,,,,,미국 광역 다기간자료 없음,0.9019901440,MSS7.1-S1-US-1.0.0
미국,IBM,International Business Machines Corporation Common Stock,Technology,227.06,-2.449,213921034593,4149591,942206132.46,,,,,미국 광역 다기간자료 없음,0.9018385140,MSS7.1-S1-US-1.0.0
미국,AEP,American Electric Power Company Inc. Common Stock,Utilities,117.57,-0.701,64004796675,3504127,411980211.39,,,,,미국 광역 다기간자료 없음,0.9018006065,MSS7.1-S1-US-1.0.0
미국,MCK,McKesson Corporation Common Stock,Health Care,869.36,-1.265,101358997978,593546,516005150.56,,,,,미국 광역 다기간자료 없음,0.9014310083,MSS7.1-S1-US-1.0.0
미국,WSM,Williams-Sonoma Inc. Common Stock (DE),Consumer Discretionary,228.66,0.364,26931385698,863686,197490440.76,,,,,미국 광역 다기간자료 없음,0.9014120546,MSS7.1-S1-US-1.0.0
미국,ULTA,Ulta Beauty Inc. Common Stock,Consumer Discretionary,548.78,0.914,23464444935,309916,170075702.48,,,,,미국 광역 다기간자료 없음,0.9012414708,MSS7.1-S1-US-1.0.0
미국,WEC,WEC Energy Group Inc. Common Stock,Utilities,100.9,-0.267,32878202745,4257854,429617468.6,,,,,미국 광역 다기간자료 없음,0.9012414708,MSS7.1-S1-US-1.0.0
미국,CRDO,Credo Technology Group Holding Ltd Ordinary Shares,Technology,195.97,1.083,36832937370,5797568,1136149400.96,,,,,미국 광역 다기간자료 없음,0.9008623958,MSS7.1-S1-US-1.0.0
미국,RSG,Republic Services Inc. Common Stock,Utilities,212.72,-0.178,65137624680,1104364,234920310.08,,,,,미국 광역 다기간자료 없음,0.9008529189,MSS7.1-S1-US-1.0.0
미국,IONQ,IonQ Inc. Common Stock,Technology,44.98,5.736,17137484084,43226942,1944347851.1599998,,,,,미국 광역 다기간자료 없음,0.9006539045,MSS7.1-S1-US-1.0.0
미국,FIS,Fidelity National Information Services Inc. Common Stock,Consumer Discretionary,34.99,0.923,18044550036,5669601,198379338.99,,,,,미국 광역 다기간자료 없음,0.8999810462,MSS7.1-S1-US-1.0.0
미국,ROK,Rockwell Automation Inc. Common Stock,Industrials,432.93,0.009,48173832472,402916,174434423.88,,,,,미국 광역 다기간자료 없음,0.8994977255,MSS7.1-S1-US-1.0.0
미국,WMB,Williams Companies Inc. (The) Common Stock,Utilities,70.58,-0.745,86331160174,4369624,308408061.92,,,,,미국 광역 다기간자료 없음,0.8994882487,MSS7.1-S1-US-1.0.0
미국,ECL,Ecolab Inc. Common Stock,Consumer Discretionary,275.37,-0.488,77194087408,976169,268807657.53000003,,,,,미국 광역 다기간자료 없음,0.8994029568,MSS7.1-S1-US-1.0.0
미국,NEM,Newmont Corporation,Basic Materials,121.3,-1.821,127812872472,5114798,620424997.4,,,,,미국 광역 다기간자료 없음,0.8992039424,MSS7.1-S1-US-1.0.0
미국,DLR,Digital Realty Trust Inc. Common Stock,Real Estate,181,-0.248,66976547856,1289164,233338684,,,,,미국 광역 다기간자료 없음,0.8989954511,MSS7.1-S1-US-1.0.0
미국,SPCX,Space Exploration Technologies Corp. Class A Common Stock,Technology,148.03,-0.222,2009184785149,72721710,10764994731.3,,,,,미국 광역 다기간자료 없음,0.8986542835,MSS7.1-S1-US-1.0.0
미국,HUBB,Hubbell Inc Common Stock,Technology,465.88,0.47,24613638177,378621,176391951.48,,,,,미국 광역 다기간자료 없음,0.8976876422,MSS7.1-S1-US-1.0.0
미국,KMI,Kinder Morgan Inc. Common Stock,Utilities,31.25,-0.383,69587565281,7685758,240179937.5,,,,,미국 광역 다기간자료 없음,0.8976023503,MSS7.1-S1-US-1.0.0
미국,URI,United Rentals Inc. Common Stock,Consumer Discretionary,1021.67,-1,63591283737,444732,454369342.44,,,,,미국 광역 다기간자료 없음,0.8974791509,MSS7.1-S1-US-1.0.0
미국,LHX,L3Harris Technologies Inc. Common Stock,Industrials,238.04,-0.489,44326527193,1450877,345366761.08,,,,,미국 광역 다기간자료 없음,0.8972137983,MSS7.1-S1-US-1.0.0
미국,ABT,Abbott Laboratories Common Stock,Health Care,101.07,-2.338,174889839727,6216822,628334199.54,,,,,미국 광역 다기간자료 없음,0.8969673995,MSS7.1-S1-US-1.0.0
미국,WDC,Western Digital Corporation Common Stock,Technology,450.31,-4.936,162355192493,7212569,3247891946.39,,,,,미국 광역 다기간자료 없음,0.8969673995,MSS7.1-S1-US-1.0.0
미국,CI,The Cigna Group Common Stock,Health Care,265.5,-1.033,70155849033,1612964,428241942,,,,,미국 광역 다기간자료 없음,0.8966262320,MSS7.1-S1-US-1.0.0
미국,BX,Blackstone Inc. Common Stock,Finance,117.21,-1.727,87980769612,5287771,619779638.91,,,,,미국 광역 다기간자료 없음,0.8965978014,MSS7.1-S1-US-1.0.0
미국,BE,Bloom Energy Corporation Class A Common Stock,Energy,266.65,-3.103,78535716811,18081169,4821343713.849999,,,,,미국 광역 다기간자료 없음,0.8965883245,MSS7.1-S1-US-1.0.0
미국,CMCSA,Comcast Corporation Class A Common Stock,Telecommunications,22.13,-1.863,78531327360,36087907,798625381.91,,,,,미국 광역 다기간자료 없음,0.8965598939,MSS7.1-S1-US-1.0.0
미국,MPWR,Monolithic Power Systems Inc. Common Stock,Technology,1335.55,-1.47,65632933650,492630,657931996.5,,,,,미국 광역 다기간자료 없음,0.8965219864,MSS7.1-S1-US-1.0.0
미국,SHW,Sherwin-Williams Company (The) Common Stock,Consumer Discretionary,320.4,-1.856,77779711580,2490672,798011308.8,,,,,미국 광역 다기간자료 없음,0.8962850644,MSS7.1-S1-US-1.0.0
미국,MDLZ,Mondelez International Inc. Class A Common Stock,Consumer Staples,60.86,-0.944,77676108349,5808788,353522837.68,,,,,미국 광역 다기간자료 없음,0.8961523882,MSS7.1-S1-US-1.0.0
미국,VLTO,Veralto Corp Common Stock,Industrials,96.2,0.334,23452919693,1970535,189565467,,,,,미국 광역 다기간자료 없음,0.8952426080,MSS7.1-S1-US-1.0.0
미국,COR,Cencora Inc. Common Stock,Health Care,309.87,-0.772,59131613619,1081437,335104883.19,,,,,미국 광역 다기간자료 없음,0.8951194086,MSS7.1-S1-US-1.0.0
미국,DLTR,Dollar Tree Inc. Common Stock,Consumer Discretionary,113.5,0.3,21296038937,1851148,210105298,,,,,미국 광역 다기간자료 없음,0.8949109174,MSS7.1-S1-US-1.0.0
미국,PCG,Pacific Gas & Electric Co. Common Stock,Utilities,12.32,-0.725,33018961311,42655188,525511916.16,,,,,미국 광역 다기간자료 없음,0.8948730099,MSS7.1-S1-US-1.0.0
미국,LNG,Cheniere Energy Inc. Common Stock,Utilities,276.28,0.976,57061257172,1661026,458908263.28,,,,,미국 광역 다기간자료 없음,0.8948635330,MSS7.1-S1-US-1.0.0
미국,ATO,Atmos Energy Corporation Common Stock,Utilities,156.42,0.115,26433189460,1218654,190621858.67999998,,,,,미국 광역 다기간자료 없음,0.8946360879,MSS7.1-S1-US-1.0.0
미국,NSC,Norfolk Southern Corporation Common Stock,Industrials,313.17,-0.584,70340604172,812506,254452504.02,,,,,미국 광역 다기간자료 없음,0.8946360879,MSS7.1-S1-US-1.0.0
미국,CRCL,Circle Internet Group Inc. Class A Common Stock,Finance,93,1.396,23610456933,12422990,1155338070,,,,,미국 광역 다기간자료 없음,0.8944939348,MSS7.1-S1-US-1.0.0
미국,MSI,Motorola Solutions Inc. Common Stock,Technology,454.91,-1.201,75284779099,922659,419726805.69,,,,,미국 광역 다기간자료 없음,0.8944749810,MSS7.1-S1-US-1.0.0
미국,KVUE,Kenvue Inc. Common Stock,Consumer Discretionary,17.61,-0.34,33824820754,17494658,308080927.38,,,,,미국 광역 다기간자료 없음,0.8940674754,MSS7.1-S1-US-1.0.0
미국,MCHP,Microchip Technology Incorporated Common Stock,Technology,74.69,-1.112,40557319131,8726424,651776608.56,,,,,미국 광역 다기간자료 없음,0.8939158453,MSS7.1-S1-US-1.0.0
미국,CARR,Carrier Global Corporation Common Stock,Industrials,54.87,-0.417,45230715878,5048965,277036709.55,,,,,미국 광역 다기간자료 없음,0.8935936315,MSS7.1-S1-US-1.0.0
미국,OKTA,Okta Inc. Class A Common Stock,Technology,206.64,0.623,36124996562,5206128,1075794289.9199998,,,,,미국 광역 다기간자료 없음,0.8934799090,MSS7.1-S1-US-1.0.0
미국,VMRK,Vivmark Residential Common Shares of Beneficial Interest,Real Estate,61.05,-0.392,48076875000,4199070,256353223.5,,,,,미국 광역 다기간자료 없음,0.8934609553,MSS7.1-S1-US-1.0.0
미국,AFRM,Affirm Holdings Inc. Class A Common Stock,Finance,71.57,5.111,24149239292,6096534,436328938.37999994,,,,,미국 광역 다기간자료 없음,0.8934420015,MSS7.1-S1-US-1.0.0
미국,STLD,Steel Dynamics Inc.,Industrials,235.2,0.388,33710766298,563350,132499920,,,,,미국 광역 다기간자료 없음,0.8929681577,MSS7.1-S1-US-1.0.0
미국,LEN,Lennar Corporation Class A Common Stock,Consumer Discretionary,81.47,-0.061,19625727219,4783684,389726735.48,,,,,미국 광역 다기간자료 없음,0.8925796058,MSS7.1-S1-US-1.0.0
미국,CBRS,Cerebras Systems Inc. Class A Common Stock,Technology,206.41,0.57,49035593703,3182838,656969591.58,,,,,미국 광역 다기간자료 없음,0.8924848370,MSS7.1-S1-US-1.0.0
미국,TEM,Tempus AI Inc. Class A Common Stock,Technology,82.24,7.377,14931178187,10821345,889947412.8,,,,,미국 광역 다기간자료 없음,0.8922384382,MSS7.1-S1-US-1.0.0
미국,GD,General Dynamics Corporation Common Stock,Industrials,336.29,-2.051,90985679107,1570524,528151515.96000004,,,,,미국 광역 다기간자료 없음,0.8919162244,MSS7.1-S1-US-1.0.0
미국,CNC,Centene Corporation Common Stock,Health Care,61.92,-0.258,30588170400,4572164,283108394.88,,,,,미국 광역 다기간자료 없음,0.8916793025,MSS7.1-S1-US-1.0.0
미국,KMB,Kimberly-Clark Corporation Common Stock,Consumer Discretionary,97.22,-0.491,32333334074,3653449,355188311.78,,,,,미국 광역 다기간자료 없음,0.8915371494,MSS7.1-S1-US-1.0.0
미국,AJG,Arthur J. Gallagher & Co. Common Stock,Finance,227.13,-1.093,58213419000,1770388,402108226.44,,,,,미국 광역 다기간자료 없음,0.8912812737,MSS7.1-S1-US-1.0.0
미국,APD,Air Products and Chemicals Inc. Common Stock,Basic Materials,284.49,-0.864,63351806430,1046359,297678671.91,,,,,미국 광역 다기간자료 없음,0.8912149356,MSS7.1-S1-US-1.0.0
미국,ALAB,Astera Labs Inc. Common Stock,Technology,360.51,0.014,62543114843,3407617,1228480004.67,,,,,미국 광역 다기간자료 없음,0.8906747536,MSS7.1-S1-US-1.0.0
미국,SOFI,SoFi Technologies Inc. Common Stock,Finance,16.8,1.511,21698381443,50283303,844759490.4,,,,,미국 광역 다기간자료 없음,0.8905041698,MSS7.1-S1-US-1.0.0
미국,AON,Aon plc Class A Ordinary Shares (Ireland),Finance,276.09,-1.957,58565711073,2713324,749121623.16,,,,,미국 광역 다기간자료 없음,0.8904473086,MSS7.1-S1-US-1.0.0
미국,IFF,International Flavors & Fragrances Inc. Common Stock,Industrials,85.85,0.163,21904624324,2203040,189130984,,,,,미국 광역 다기간자료 없음,0.8901914329,MSS7.1-S1-US-1.0.0
미국,INTU,Intuit Inc. Common Stock,Technology,277.13,-3.372,74059112680,4564683,1265010599.79,,,,,미국 광역 다기간자료 없음,0.8901061410,MSS7.1-S1-US-1.0.0
미국,AMT,American Tower Corporation (REIT) Common Stock,Real Estate,167.26,-2.061,77936477628,3217191,538107366.66,,,,,미국 광역 다기간자료 없음,0.8900018954,MSS7.1-S1-US-1.0.0
미국,NTRS,Northern Trust Corporation Common Stock,Finance,174.5,0.293,31925761449,772557,134811196.5,,,,,미국 광역 다기간자료 없음,0.8897934041,MSS7.1-S1-US-1.0.0
미국,MMM,3M Company Common Stock,Health Care,167.52,-1.632,86393819296,2431014,407243465.28000003,,,,,미국 광역 다기간자료 없음,0.8895943897,MSS7.1-S1-US-1.0.0
미국,AXON,Axon Enterprise Inc. Common Stock,Industrials,445,-1.245,36150649675,1430027,636362015,,,,,미국 광역 다기간자료 없음,0.8894143290,MSS7.1-S1-US-1.0.0
미국,ASTS,AST SpaceMobile Inc. Class A Common Stock,Consumer Discretionary,61.06,1.801,23762567184,8772019,535619480.14000005,,,,,미국 광역 다기간자료 없음,0.8892532221,MSS7.1-S1-US-1.0.0
미국,PCAR,PACCAR Inc. Common Stock,Industrials,110.67,-1.267,58252809349,3692342,408631489.14,,,,,미국 광역 다기간자료 없음,0.8892058378,MSS7.1-S1-US-1.0.0
미국,FOXA,Fox Corporation Class A Common Stock,Industrials,63.84,-0.188,26919644028,4093389,261321953.76000002,,,,,미국 광역 다기간자료 없음,0.8884950720,MSS7.1-S1-US-1.0.0
미국,BMNR,BitMine Immersion Technologies Inc. Common Stock,Finance,28.03,2.076,16908435824,33135338,928783524.14,,,,,미국 광역 다기간자료 없음,0.8878506444,MSS7.1-S1-US-1.0.0
미국,PSKY,Paramount Skydance Corporation Class B Common Stock,Industrials,10.18,2.209,11421408030,15319144,155948885.92,,,,,미국 광역 다기간자료 없음,0.8877937832,MSS7.1-S1-US-1.0.0
미국,BKR,Baker Hughes Company Class A Common Stock,Consumer Discretionary,57.29,-1.275,56870297528,7082922,405780601.38,,,,,미국 광역 다기간자료 없음,0.8877937832,MSS7.1-S1-US-1.0.0
