시장,종목코드,종목명,업종,1단계점수,2단계점수,이상치상태,2단계핵심,점수식버전
한국,222800,심텍,Technology,4.14685853,3.32415055,없음,다기간 지속성·유동성 지속성·업종주도력·과열벌점,MSS7-S2-KR-1.0.0
한국,010170,대한광통신,Other,3.90171061,3.17046872,없음,다기간 지속성·유동성 지속성·업종주도력·과열벌점,MSS7-S2-KR-1.0.0
한국,036930,주성엔지니어링,Industrials,3.58009528,3.10140802,없음,다기간 지속성·유동성 지속성·업종주도력·과열벌점,MSS7-S2-KR-1.0.0
한국,096770,SK이노베이션,Energy,3.65797234,3.00442686,없음,다기간 지속성·유동성 지속성·업종주도력·과열벌점,MSS7-S2-KR-1.0.0
한국,003490,대한항공,Industrials,3.20056180,2.88874970,없음,다기간 지속성·유동성 지속성·업종주도력·과열벌점,MSS7-S2-KR-1.0.0
한국,456010,아이씨티케이,Technology,3.28418263,2.81905699,없음,다기간 지속성·유동성 지속성·업종주도력·과열벌점,MSS7-S2-KR-1.0.0
한국,281820,케이씨텍,Technology,3.35442838,2.80856583,없음,다기간 지속성·유동성 지속성·업종주도력·과열벌점,MSS7-S2-KR-1.0.0
한국,103590,일진전기,Other,3.11560200,2.72943984,없음,다기간 지속성·유동성 지속성·업종주도력·과열벌점,MSS7-S2-KR-1.0.0
한국,131290,티에스이,Technology,3.22077446,2.72117318,없음,다기간 지속성·유동성 지속성·업종주도력·과열벌점,MSS7-S2-KR-1.0.0
한국,252990,샘씨엔에스,Technology,3.38108443,2.71648907,없음,다기간 지속성·유동성 지속성·업종주도력·과열벌점,MSS7-S2-KR-1.0.0
한국,010950,S-Oil,Energy,3.23332069,2.69263393,없음,다기간 지속성·유동성 지속성·업종주도력·과열벌점,MSS7-S2-KR-1.0.0
한국,203650,드림시큐리티,Technology,2.92494140,2.69187478,없음,다기간 지속성·유동성 지속성·업종주도력·과열벌점,MSS7-S2-KR-1.0.0
한국,403870,HPSP,Industrials,2.85721105,2.66594991,없음,다기간 지속성·유동성 지속성·업종주도력·과열벌점,MSS7-S2-KR-1.0.0
한국,051160,지어소프트,Technology,3.26473088,2.64579556,없음,다기간 지속성·유동성 지속성·업종주도력·과열벌점,MSS7-S2-KR-1.0.0
한국,084370,유진테크,Industrials,2.89645192,2.60678288,없음,다기간 지속성·유동성 지속성·업종주도력·과열벌점,MSS7-S2-KR-1.0.0
한국,053800,안랩,Technology,3.16161748,2.59939453,없음,다기간 지속성·유동성 지속성·업종주도력·과열벌점,MSS7-S2-KR-1.0.0
한국,024840,KBI메탈,Materials,3.35494046,2.59358607,없음,다기간 지속성·유동성 지속성·업종주도력·과열벌점,MSS7-S2-KR-1.0.0
한국,417840,저스템,Industrials,3.79667836,2.57806392,없음,다기간 지속성·유동성 지속성·업종주도력·과열벌점,MSS7-S2-KR-1.0.0
한국,204270,제이앤티씨,Technology,2.83286034,2.57389509,없음,다기간 지속성·유동성 지속성·업종주도력·과열벌점,MSS7-S2-KR-1.0.0
한국,377030,비트맥스,Technology,3.09180693,2.56797979,없음,다기간 지속성·유동성 지속성·업종주도력·과열벌점,MSS7-S2-KR-1.0.0
한국,059090,미코,Technology,3.00787737,2.53021148,없음,다기간 지속성·유동성 지속성·업종주도력·과열벌점,MSS7-S2-KR-1.0.0
한국,069540,빛과전자,Technology,2.82291071,2.49678910,없음,다기간 지속성·유동성 지속성·업종주도력·과열벌점,MSS7-S2-KR-1.0.0
한국,043590,웰킵스하이텍,Technology,2.91973800,2.49054877,없음,다기간 지속성·유동성 지속성·업종주도력·과열벌점,MSS7-S2-KR-1.0.0
한국,077360,덕산하이메탈,Technology,2.91122507,2.48671795,없음,다기간 지속성·유동성 지속성·업종주도력·과열벌점,MSS7-S2-KR-1.0.0
한국,005930,삼성전자,Technology,3.90053208,2.48190610,없음,다기간 지속성·유동성 지속성·업종주도력·과열벌점,MSS7-S2-KR-1.0.0
한국,219130,타이거일렉,Technology,2.84087890,2.45506217,없음,다기간 지속성·유동성 지속성·업종주도력·과열벌점,MSS7-S2-KR-1.0.0
한국,172670,에이엘티,Technology,2.78379395,2.42937394,없음,다기간 지속성·유동성 지속성·업종주도력·과열벌점,MSS7-S2-KR-1.0.0
한국,030530,원익홀딩스,Materials,3.38031777,2.40673802,없음,다기간 지속성·유동성 지속성·업종주도력·과열벌점,MSS7-S2-KR-1.0.0
한국,029460,케이씨,Technology,2.70511207,2.39396710,없음,다기간 지속성·유동성 지속성·업종주도력·과열벌점,MSS7-S2-KR-1.0.0
한국,000660,SK하이닉스,Technology,3.65701727,2.37232444,없음,다기간 지속성·유동성 지속성·업종주도력·과열벌점,MSS7-S2-KR-1.0.0
한국,229640,LS에코에너지,Financials,3.40609150,2.36234223,없음,다기간 지속성·유동성 지속성·업종주도력·과열벌점,MSS7-S2-KR-1.0.0
한국,066570,LG전자,Technology,2.81442330,2.36131588,없음,다기간 지속성·유동성 지속성·업종주도력·과열벌점,MSS7-S2-KR-1.0.0
한국,000150,두산,Technology,3.30582947,2.33598279,없음,다기간 지속성·유동성 지속성·업종주도력·과열벌점,MSS7-S2-KR-1.0.0
한국,105560,KB금융,Financials,2.40523485,2.30064243,없음,다기간 지속성·유동성 지속성·업종주도력·과열벌점,MSS7-S2-KR-1.0.0
한국,086670,비엠티,Industrials,2.61268385,2.28904107,없음,다기간 지속성·유동성 지속성·업종주도력·과열벌점,MSS7-S2-KR-1.0.0
한국,108490,로보티즈,Industrials,2.38525684,2.27901570,없음,다기간 지속성·유동성 지속성·업종주도력·과열벌점,MSS7-S2-KR-1.0.0
한국,093520,매커스,Industrials,2.57603129,2.27254742,없음,다기간 지속성·유동성 지속성·업종주도력·과열벌점,MSS7-S2-KR-1.0.0
한국,028050,삼성E&A,Other,2.33890286,2.27014221,없음,다기간 지속성·유동성 지속성·업종주도력·과열벌점,MSS7-S2-KR-1.0.0
한국,064760,티씨케이,Materials,2.61756537,2.26935058,없음,다기간 지속성·유동성 지속성·업종주도력·과열벌점,MSS7-S2-KR-1.0.0
한국,246960,SCL사이언스,Healthcare,2.76210307,2.26627971,없음,다기간 지속성·유동성 지속성·업종주도력·과열벌점,MSS7-S2-KR-1.0.0
한국,055550,신한지주,Financials,2.33887445,2.24756472,없음,다기간 지속성·유동성 지속성·업종주도력·과열벌점,MSS7-S2-KR-1.0.0
한국,041520,이엘씨,Technology,2.34998926,2.23416183,없음,다기간 지속성·유동성 지속성·업종주도력·과열벌점,MSS7-S2-KR-1.0.0
한국,089860,롯데렌탈,Industrials,2.42724612,2.20559409,없음,다기간 지속성·유동성 지속성·업종주도력·과열벌점,MSS7-S2-KR-1.0.0
한국,138040,메리츠금융지주,Financials,2.38758860,2.20309913,없음,다기간 지속성·유동성 지속성·업종주도력·과열벌점,MSS7-S2-KR-1.0.0
한국,368970,오에스피,Consumer,2.65224507,2.20184361,없음,다기간 지속성·유동성 지속성·업종주도력·과열벌점,MSS7-S2-KR-1.0.0
한국,009150,삼성전기,Technology,3.35122006,2.19609257,없음,다기간 지속성·유동성 지속성·업종주도력·과열벌점,MSS7-S2-KR-1.0.0
한국,053350,이니텍,Technology,2.25743855,2.19251401,없음,다기간 지속성·유동성 지속성·업종주도력·과열벌점,MSS7-S2-KR-1.0.0
한국,452260,한화갤러리아,Consumer,2.63001379,2.19183954,없음,다기간 지속성·유동성 지속성·업종주도력·과열벌점,MSS7-S2-KR-1.0.0
한국,069920,엑시온그룹,Consumer,2.61474133,2.18496693,없음,다기간 지속성·유동성 지속성·업종주도력·과열벌점,MSS7-S2-KR-1.0.0
한국,007660,이수페타시스,Technology,2.75854191,2.17978896,없음,다기간 지속성·유동성 지속성·업종주도력·과열벌점,MSS7-S2-KR-1.0.0
한국,005160,동국산업,Materials,2.48457789,2.16806005,없음,다기간 지속성·유동성 지속성·업종주도력·과열벌점,MSS7-S2-KR-1.0.0
한국,024900,디와이덕양,Industrials,2.33642133,2.16472293,없음,다기간 지속성·유동성 지속성·업종주도력·과열벌점,MSS7-S2-KR-1.0.0
한국,443060,HD현대마린솔루션,Other,2.36202216,2.16051096,없음,다기간 지속성·유동성 지속성·업종주도력·과열벌점,MSS7-S2-KR-1.0.0
한국,353200,대덕전자,Technology,2.76748814,2.15149252,없음,다기간 지속성·유동성 지속성·업종주도력·과열벌점,MSS7-S2-KR-1.0.0
한국,201490,미투온,Technology,2.81366788,2.14890146,없음,다기간 지속성·유동성 지속성·업종주도력·과열벌점,MSS7-S2-KR-1.0.0
한국,180640,한진칼,Financials,2.44458374,2.14672935,없음,다기간 지속성·유동성 지속성·업종주도력·과열벌점,MSS7-S2-KR-1.0.0
한국,307870,비투엔,Technology,2.14525720,2.14203241,없음,다기간 지속성·유동성 지속성·업종주도력·과열벌점,MSS7-S2-KR-1.0.0
한국,316140,우리금융지주,Financials,2.28793822,2.13522813,없음,다기간 지속성·유동성 지속성·업종주도력·과열벌점,MSS7-S2-KR-1.0.0
한국,144960,뉴파워프라즈마,Industrials,3.41854263,2.13008478,없음,다기간 지속성·유동성 지속성·업종주도력·과열벌점,MSS7-S2-KR-1.0.0
한국,217190,제너셈,Industrials,2.25485440,2.12801781,없음,다기간 지속성·유동성 지속성·업종주도력·과열벌점,MSS7-S2-KR-1.0.0
한국,060370,LS마린솔루션,Technology,2.11107326,2.12664963,없음,다기간 지속성·유동성 지속성·업종주도력·과열벌점,MSS7-S2-KR-1.0.0
한국,402340,SK스퀘어,Financials,3.35668011,2.10717272,없음,다기간 지속성·유동성 지속성·업종주도력·과열벌점,MSS7-S2-KR-1.0.0
한국,006120,SK디스커버리,Financials,2.33428383,2.09709439,없음,다기간 지속성·유동성 지속성·업종주도력·과열벌점,MSS7-S2-KR-1.0.0
한국,457370,한켐,Materials,2.31856340,2.09335353,없음,다기간 지속성·유동성 지속성·업종주도력·과열벌점,MSS7-S2-KR-1.0.0
한국,375500,DL이앤씨,Industrials,2.18134811,2.08772398,없음,다기간 지속성·유동성 지속성·업종주도력·과열벌점,MSS7-S2-KR-1.0.0
한국,140070,서플러스글로벌,Industrials,2.16409160,2.08717455,없음,다기간 지속성·유동성 지속성·업종주도력·과열벌점,MSS7-S2-KR-1.0.0
한국,001520,동양,Other,2.28496190,2.08323285,없음,다기간 지속성·유동성 지속성·업종주도력·과열벌점,MSS7-S2-KR-1.0.0
한국,095610,테스,Industrials,3.09497765,2.08170907,없음,다기간 지속성·유동성 지속성·업종주도력·과열벌점,MSS7-S2-KR-1.0.0
한국,059100,아이컴포넌트,Technology,2.00643093,2.07956059,없음,다기간 지속성·유동성 지속성·업종주도력·과열벌점,MSS7-S2-KR-1.0.0
한국,020560,아시아나항공,Industrials,2.14709124,2.07952439,없음,다기간 지속성·유동성 지속성·업종주도력·과열벌점,MSS7-S2-KR-1.0.0
한국,122350,삼기,Industrials,2.00807120,2.07254327,없음,다기간 지속성·유동성 지속성·업종주도력·과열벌점,MSS7-S2-KR-1.0.0
한국,017890,한국알콜,Materials,2.26794231,2.07057404,없음,다기간 지속성·유동성 지속성·업종주도력·과열벌점,MSS7-S2-KR-1.0.0
한국,121890,에스디시스템,Technology,1.98556227,2.07016969,없음,다기간 지속성·유동성 지속성·업종주도력·과열벌점,MSS7-S2-KR-1.0.0
한국,114810,한솔아이원스,Industrials,2.11513474,2.06514397,없음,다기간 지속성·유동성 지속성·업종주도력·과열벌점,MSS7-S2-KR-1.0.0
한국,078340,컴투스,Technology,1.96875193,2.06260503,없음,다기간 지속성·유동성 지속성·업종주도력·과열벌점,MSS7-S2-KR-1.0.0
한국,044820,코스맥스비티아이,Financials,2.25618461,2.06194974,없음,다기간 지속성·유동성 지속성·업종주도력·과열벌점,MSS7-S2-KR-1.0.0
한국,027580,상보,Materials,2.20848640,2.04381888,없음,다기간 지속성·유동성 지속성·업종주도력·과열벌점,MSS7-S2-KR-1.0.0
한국,489460,바이오비쥬,Materials,2.19372799,2.03717760,없음,다기간 지속성·유동성 지속성·업종주도력·과열벌점,MSS7-S2-KR-1.0.0
한국,013030,하이록코리아,Materials,2.18350466,2.03257710,없음,다기간 지속성·유동성 지속성·업종주도력·과열벌점,MSS7-S2-KR-1.0.0
한국,086450,동국제약,Healthcare,2.05162553,2.02072786,없음,다기간 지속성·유동성 지속성·업종주도력·과열벌점,MSS7-S2-KR-1.0.0
한국,071280,로체시스템즈,Industrials,2.01240440,2.01891531,없음,다기간 지속성·유동성 지속성·업종주도력·과열벌점,MSS7-S2-KR-1.0.0
한국,253590,네오셈,Industrials,2.82675712,2.01322015,없음,다기간 지속성·유동성 지속성·업종주도력·과열벌점,MSS7-S2-KR-1.0.0
한국,062970,한국첨단소재,Technology,2.19140491,2.01279888,없음,다기간 지속성·유동성 지속성·업종주도력·과열벌점,MSS7-S2-KR-1.0.0
한국,052860,아이앤씨,Technology,2.19089829,2.01257090,없음,다기간 지속성·유동성 지속성·업종주도력·과열벌점,MSS7-S2-KR-1.0.0
한국,071200,인피니트헬스케어,Technology,2.18768648,2.01112558,없음,다기간 지속성·유동성 지속성·업종주도력·과열벌점,MSS7-S2-KR-1.0.0
한국,263860,지니언스,Technology,2.17082151,2.00353635,없음,다기간 지속성·유동성 지속성·업종주도력·과열벌점,MSS7-S2-KR-1.0.0
한국,068930,디지털대성,Other,2.10495302,2.00222886,없음,다기간 지속성·유동성 지속성·업종주도력·과열벌점,MSS7-S2-KR-1.0.0
한국,000430,대원강업,Industrials,1.96836376,1.99909703,없음,다기간 지속성·유동성 지속성·업종주도력·과열벌점,MSS7-S2-KR-1.0.0
한국,042510,라온시큐어,Technology,2.13044527,1.98536704,없음,다기간 지속성·유동성 지속성·업종주도력·과열벌점,MSS7-S2-KR-1.0.0
한국,059120,아진엑스텍,Technology,1.76481584,1.97083380,없음,다기간 지속성·유동성 지속성·업종주도력·과열벌점,MSS7-S2-KR-1.0.0
한국,095340,ISC,Industrials,2.86587538,1.97071312,없음,다기간 지속성·유동성 지속성·업종주도력·과열벌점,MSS7-S2-KR-1.0.0
한국,036710,심텍홀딩스,Other,2.03403004,1.97031352,없음,다기간 지속성·유동성 지속성·업종주도력·과열벌점,MSS7-S2-KR-1.0.0
한국,096530,씨젠,Healthcare,2.09738475,1.96715647,없음,다기간 지속성·유동성 지속성·업종주도력·과열벌점,MSS7-S2-KR-1.0.0
한국,054920,한컴위드,Technology,1.82010831,1.96258477,없음,다기간 지속성·유동성 지속성·업종주도력·과열벌점,MSS7-S2-KR-1.0.0
한국,039010,현대에이치티,Technology,1.70786040,1.94520385,없음,다기간 지속성·유동성 지속성·업종주도력·과열벌점,MSS7-S2-KR-1.0.0
한국,049430,코메론,Technology,1.70000497,1.94166890,없음,다기간 지속성·유동성 지속성·업종주도력·과열벌점,MSS7-S2-KR-1.0.0
한국,054220,비츠로시스,Utilities,2.02671533,1.92535523,없음,다기간 지속성·유동성 지속성·업종주도력·과열벌점,MSS7-S2-KR-1.0.0
한국,007610,선도전기,Utilities,2.01899667,1.92188183,없음,다기간 지속성·유동성 지속성·업종주도력·과열벌점,MSS7-S2-KR-1.0.0
한국,232140,와이씨,Industrials,2.74286881,1.91905152,없음,다기간 지속성·유동성 지속성·업종주도력·과열벌점,MSS7-S2-KR-1.0.0
한국,089790,제이티,Industrials,2.67636680,1.91769839,없음,다기간 지속성·유동성 지속성·업종주도력·과열벌점,MSS7-S2-KR-1.0.0
미국,NVDA,NVIDIA Corporation Common Stock,Technology,2.48369156,2.71752009,없음,유동성 지속성·업종주도력·당일변화 안정성·대형지수 포함,MSS7-S2-US-1.0.0
미국,AMZN,Amazon.com Inc. Common Stock,Consumer Discretionary,2.56860111,2.59953525,없음,유동성 지속성·업종주도력·당일변화 안정성·대형지수 포함,MSS7-S2-US-1.0.0
미국,GOOGL,Alphabet Inc. Class A Common Stock,Technology,2.57862761,2.58003992,없음,유동성 지속성·업종주도력·당일변화 안정성·대형지수 포함,MSS7-S2-US-1.0.0
미국,AMD,Advanced Micro Devices Inc. Common Stock,Technology,2.40465500,2.51130434,없음,유동성 지속성·업종주도력·당일변화 안정성·대형지수 포함,MSS7-S2-US-1.0.0
미국,BAC,Bank of America Corporation Common Stock,Finance,2.34881414,2.50740463,없음,유동성 지속성·업종주도력·당일변화 안정성·대형지수 포함,MSS7-S2-US-1.0.0
미국,GOOG,Alphabet Inc. Class C Capital Stock,Technology,2.51968165,2.49296620,없음,유동성 지속성·업종주도력·당일변화 안정성·대형지수 포함,MSS7-S2-US-1.0.0
미국,MU,Micron Technology Inc. Common Stock,Technology,2.40721397,2.49157913,없음,유동성 지속성·업종주도력·당일변화 안정성·대형지수 포함,MSS7-S2-US-1.0.0
미국,AAPL,Apple Inc. Common Stock,Technology,2.30488553,2.46284739,없음,유동성 지속성·업종주도력·당일변화 안정성·대형지수 포함,MSS7-S2-US-1.0.0
미국,PLTR,Palantir Technologies Inc. Class A Common Stock,Technology,2.28475351,2.44058709,없음,유동성 지속성·업종주도력·당일변화 안정성·대형지수 포함,MSS7-S2-US-1.0.0
미국,NFLX,Netflix Inc. Common Stock,Consumer Discretionary,2.25941656,2.43645426,없음,유동성 지속성·업종주도력·당일변화 안정성·대형지수 포함,MSS7-S2-US-1.0.0
미국,PFE,Pfizer Inc. Common Stock,Health Care,2.20988449,2.39589055,없음,유동성 지속성·업종주도력·당일변화 안정성·대형지수 포함,MSS7-S2-US-1.0.0
미국,CSCO,Cisco Systems Inc. Common Stock (DE),Telecommunications,2.32419252,2.39240016,없음,유동성 지속성·업종주도력·당일변화 안정성·대형지수 포함,MSS7-S2-US-1.0.0
미국,WBD,Warner Bros. Discovery Inc. Series A Common Stock,Telecommunications,2.15460555,2.36990175,없음,유동성 지속성·업종주도력·당일변화 안정성·대형지수 포함,MSS7-S2-US-1.0.0
미국,SMCI,Super Micro Computer Inc. Common Stock,Technology,1.97825715,2.36814173,없음,유동성 지속성·업종주도력·당일변화 안정성·대형지수 포함,MSS7-S2-US-1.0.0
미국,AVGO,Broadcom Inc. Common Stock,Technology,2.14060429,2.36354701,없음,유동성 지속성·업종주도력·당일변화 안정성·대형지수 포함,MSS7-S2-US-1.0.0
미국,MSFT,Microsoft Corporation Common Stock,Technology,2.21090786,2.36047435,없음,유동성 지속성·업종주도력·당일변화 안정성·대형지수 포함,MSS7-S2-US-1.0.0
미국,T,AT&T Inc.,Telecommunications,2.21720966,2.35273267,없음,유동성 지속성·업종주도력·당일변화 안정성·대형지수 포함,MSS7-S2-US-1.0.0
미국,TSLA,Tesla Inc. Common Stock,Industrials,2.15810558,2.33535776,없음,유동성 지속성·업종주도력·당일변화 안정성·대형지수 포함,MSS7-S2-US-1.0.0
미국,HPE,Hewlett Packard Enterprise Company Common Stock,Technology,2.05507714,2.32894667,없음,유동성 지속성·업종주도력·당일변화 안정성·대형지수 포함,MSS7-S2-US-1.0.0
미국,INTC,Intel Corporation Common Stock,Technology,2.57399903,2.29629957,없음,유동성 지속성·업종주도력·당일변화 안정성·대형지수 포함,MSS7-S2-US-1.0.0
미국,NKE,Nike Inc. Common Stock,Consumer Discretionary,1.78281154,2.27206457,없음,유동성 지속성·업종주도력·당일변화 안정성·대형지수 포함,MSS7-S2-US-1.0.0
미국,VZ,Verizon Communications Inc. Common Stock,Telecommunications,2.16245174,2.25419605,없음,유동성 지속성·업종주도력·당일변화 안정성·대형지수 포함,MSS7-S2-US-1.0.0
미국,HBAN,Huntington Bancshares Incorporated Common Stock,Finance,1.73687224,2.25182740,없음,유동성 지속성·업종주도력·당일변화 안정성·대형지수 포함,MSS7-S2-US-1.0.0
미국,APH,Amphenol Corporation Common Stock,Technology,2.08299040,2.24936823,없음,유동성 지속성·업종주도력·당일변화 안정성·대형지수 포함,MSS7-S2-US-1.0.0
미국,CRM,Salesforce Inc. Common Stock,Technology,2.06914775,2.23462253,없음,유동성 지속성·업종주도력·당일변화 안정성·대형지수 포함,MSS7-S2-US-1.0.0
미국,SPCX,Space Exploration Technologies Corp. Class A Common Stock,Technology,2.09479399,2.23223973,없음,유동성 지속성·업종주도력·당일변화 안정성·대형지수 포함,MSS7-S2-US-1.0.0
미국,XOM,ExxonMobil Holdings Corporation Common Stock,Energy,2.24597589,2.22442463,없음,유동성 지속성·업종주도력·당일변화 안정성·대형지수 포함,MSS7-S2-US-1.0.0
미국,WFC,Wells Fargo & Company Common Stock,Finance,2.11448164,2.21818789,없음,유동성 지속성·업종주도력·당일변화 안정성·대형지수 포함,MSS7-S2-US-1.0.0
미국,BMY,Bristol-Myers Squibb Company Common Stock,Health Care,2.05414784,2.19701067,없음,유동성 지속성·업종주도력·당일변화 안정성·대형지수 포함,MSS7-S2-US-1.0.0
미국,PCG,Pacific Gas & Electric Co. Common Stock,Utilities,1.73228631,2.19201899,없음,유동성 지속성·업종주도력·당일변화 안정성·대형지수 포함,MSS7-S2-US-1.0.0
미국,KO,Coca-Cola Company (The) Common Stock,Consumer Staples,2.18012896,2.19090239,없음,유동성 지속성·업종주도력·당일변화 안정성·대형지수 포함,MSS7-S2-US-1.0.0
미국,BSX,Boston Scientific Corporation Common Stock,Health Care,1.98936992,2.19051102,없음,유동성 지속성·업종주도력·당일변화 안정성·대형지수 포함,MSS7-S2-US-1.0.0
미국,JPM,JP Morgan Chase & Co. Common Stock,Finance,2.20008932,2.17055436,없음,유동성 지속성·업종주도력·당일변화 안정성·대형지수 포함,MSS7-S2-US-1.0.0
미국,CCL,Carnival Corporation Ltd. Common Shares,Consumer Discretionary,1.66075832,2.16855451,없음,유동성 지속성·업종주도력·당일변화 안정성·대형지수 포함,MSS7-S2-US-1.0.0
미국,DVN,Devon Energy Corporation Common Stock,Energy,1.96763922,2.15128784,없음,유동성 지속성·업종주도력·당일변화 안정성·대형지수 포함,MSS7-S2-US-1.0.0
미국,MRVL,Marvell Technology Inc. Common Stock,Technology,1.81615202,2.15003574,없음,유동성 지속성·업종주도력·당일변화 안정성·대형지수 포함,MSS7-S2-US-1.0.0
미국,BKNG,Booking Holdings Inc. Common Stock,Consumer Discretionary,1.98113310,2.14573860,없음,유동성 지속성·업종주도력·당일변화 안정성·대형지수 포함,MSS7-S2-US-1.0.0
미국,NCLH,Norwegian Cruise Line Holdings Ltd. Ordinary Shares,Consumer Discretionary,1.71656598,2.14544754,없음,유동성 지속성·업종주도력·당일변화 안정성·대형지수 포함,MSS7-S2-US-1.0.0
미국,KEY,KeyCorp Common Stock,Finance,1.84001561,2.14061126,없음,유동성 지속성·업종주도력·당일변화 안정성·대형지수 포함,MSS7-S2-US-1.0.0
미국,C,Citigroup Inc. Common Stock,Finance,2.04931519,2.13612486,없음,유동성 지속성·업종주도력·당일변화 안정성·대형지수 포함,MSS7-S2-US-1.0.0
미국,CVX,Chevron Corporation Common Stock,Energy,2.14018080,2.13347860,없음,유동성 지속성·업종주도력·당일변화 안정성·대형지수 포함,MSS7-S2-US-1.0.0
미국,DIS,Walt Disney Company (The) Common Stock,Consumer Discretionary,2.01050182,2.13062814,없음,유동성 지속성·업종주도력·당일변화 안정성·대형지수 포함,MSS7-S2-US-1.0.0
미국,TJX,TJX Companies Inc. (The) Common Stock,Consumer Discretionary,1.98499367,2.12385824,없음,유동성 지속성·업종주도력·당일변화 안정성·대형지수 포함,MSS7-S2-US-1.0.0
미국,UBER,Uber Technologies Inc. Common Stock,Consumer Discretionary,1.76537522,2.11268480,없음,유동성 지속성·업종주도력·당일변화 안정성·대형지수 포함,MSS7-S2-US-1.0.0
미국,ABNB,Airbnb Inc. Class A Common Stock,Consumer Discretionary,1.93200523,2.10843674,없음,유동성 지속성·업종주도력·당일변화 안정성·대형지수 포함,MSS7-S2-US-1.0.0
미국,JNJ,Johnson & Johnson Common Stock,Health Care,2.14466113,2.10743838,없음,유동성 지속성·업종주도력·당일변화 안정성·대형지수 포함,MSS7-S2-US-1.0.0
미국,ONDS,Ondas Inc. Common Stock,Technology,1.66347810,2.08656514,없음,유동성 지속성·업종주도력·당일변화 안정성·대형지수 포함,MSS7-S2-US-1.0.0
미국,V,Visa Inc.,Consumer Discretionary,2.09376189,2.08000771,없음,유동성 지속성·업종주도력·당일변화 안정성·대형지수 포함,MSS7-S2-US-1.0.0
미국,VTRS,Viatris Inc. Common Stock,Health Care,1.80307837,2.07173530,없음,유동성 지속성·업종주도력·당일변화 안정성·대형지수 포함,MSS7-S2-US-1.0.0
미국,KVUE,Kenvue Inc. Common Stock,Consumer Discretionary,1.60640580,2.06989952,없음,유동성 지속성·업종주도력·당일변화 안정성·대형지수 포함,MSS7-S2-US-1.0.0
미국,PSKY,Paramount Skydance Corporation Class B Common Stock,Industrials,1.74572739,2.06840940,없음,유동성 지속성·업종주도력·당일변화 안정성·대형지수 포함,MSS7-S2-US-1.0.0
미국,LRCX,Lam Research Corporation Common Stock,Technology,1.80803568,2.06586250,없음,유동성 지속성·업종주도력·당일변화 안정성·대형지수 포함,MSS7-S2-US-1.0.0
미국,CRWD,CrowdStrike Holdings Inc. Class A Common Stock,Technology,1.76882261,2.05745528,없음,유동성 지속성·업종주도력·당일변화 안정성·대형지수 포함,MSS7-S2-US-1.0.0
미국,CVNA,Carvana Co. Class A Common Stock,Consumer Discretionary,1.86913999,2.04828271,없음,유동성 지속성·업종주도력·당일변화 안정성·대형지수 포함,MSS7-S2-US-1.0.0
미국,MRK,Merck & Company Inc. Common Stock (new),Health Care,1.83984577,2.04461190,없음,유동성 지속성·업종주도력·당일변화 안정성·대형지수 포함,MSS7-S2-US-1.0.0
미국,KHC,The Kraft Heinz Company Common Stock,Consumer Staples,1.84524705,2.04358804,없음,유동성 지속성·업종주도력·당일변화 안정성·대형지수 포함,MSS7-S2-US-1.0.0
미국,KLAC,KLA Corporation Common Stock,Technology,1.74700329,2.03637639,없음,유동성 지속성·업종주도력·당일변화 안정성·대형지수 포함,MSS7-S2-US-1.0.0
미국,OXY,Occidental Petroleum Corporation Common Stock,Energy,1.89355156,2.02977926,없음,유동성 지속성·업종주도력·당일변화 안정성·대형지수 포함,MSS7-S2-US-1.0.0
미국,DHR,Danaher Corporation Common Stock,Industrials,1.95641259,2.02564308,없음,유동성 지속성·업종주도력·당일변화 안정성·대형지수 포함,MSS7-S2-US-1.0.0
미국,PYPL,PayPal Holdings Inc. Common Stock,Industrials,1.83970647,2.02180615,없음,유동성 지속성·업종주도력·당일변화 안정성·대형지수 포함,MSS7-S2-US-1.0.0
미국,FISV,Fiserv Inc. Common Stock,Consumer Discretionary,1.75363739,2.02014470,없음,유동성 지속성·업종주도력·당일변화 안정성·대형지수 포함,MSS7-S2-US-1.0.0
미국,PG,Procter & Gamble Company (The) Common Stock,Consumer Discretionary,1.78259675,2.01903428,없음,유동성 지속성·업종주도력·당일변화 안정성·대형지수 포함,MSS7-S2-US-1.0.0
미국,COIN,Coinbase Global Inc. Class A Common Stock,Finance,1.83895485,2.01742856,없음,유동성 지속성·업종주도력·당일변화 안정성·대형지수 포함,MSS7-S2-US-1.0.0
미국,DAL,Delta Air Lines Inc. Common Stock,Consumer Discretionary,1.81951605,2.00949787,없음,유동성 지속성·업종주도력·당일변화 안정성·대형지수 포함,MSS7-S2-US-1.0.0
미국,SYY,Sysco Corporation Common Stock,Consumer Discretionary,1.78752697,2.00900274,없음,유동성 지속성·업종주도력·당일변화 안정성·대형지수 포함,MSS7-S2-US-1.0.0
미국,UNH,UnitedHealth Group Incorporated Common Stock (DE),Health Care,2.01402330,2.00199115,없음,유동성 지속성·업종주도력·당일변화 안정성·대형지수 포함,MSS7-S2-US-1.0.0
미국,SCHW,Charles Schwab Corporation (The) Common Stock,Finance,1.72061097,1.99268395,없음,유동성 지속성·업종주도력·당일변화 안정성·대형지수 포함,MSS7-S2-US-1.0.0
미국,TFC,Truist Financial Corporation Common Stock,Finance,1.82963773,1.99083726,없음,유동성 지속성·업종주도력·당일변화 안정성·대형지수 포함,MSS7-S2-US-1.0.0
미국,MDT,Medtronic plc. Ordinary Shares,Health Care,1.69621180,1.98933615,없음,유동성 지속성·업종주도력·당일변화 안정성·대형지수 포함,MSS7-S2-US-1.0.0
미국,FAST,Fastenal Company Common Stock,Consumer Discretionary,1.60007695,1.98613519,없음,유동성 지속성·업종주도력·당일변화 안정성·대형지수 포함,MSS7-S2-US-1.0.0
미국,MCD,McDonald's Corporation Common Stock,Consumer Discretionary,1.69021270,1.97657058,없음,유동성 지속성·업종주도력·당일변화 안정성·대형지수 포함,MSS7-S2-US-1.0.0
미국,ON,ON Semiconductor Corporation Common Stock,Technology,1.50937997,1.97389631,없음,유동성 지속성·업종주도력·당일변화 안정성·대형지수 포함,MSS7-S2-US-1.0.0
미국,SOFI,SoFi Technologies Inc. Common Stock,Finance,1.75140280,1.96962959,없음,유동성 지속성·업종주도력·당일변화 안정성·대형지수 포함,MSS7-S2-US-1.0.0
미국,AXP,American Express Company Common Stock,Finance,1.92681609,1.96208050,없음,유동성 지속성·업종주도력·당일변화 안정성·대형지수 포함,MSS7-S2-US-1.0.0
미국,ABBV,AbbVie Inc. Common Stock,Health Care,2.01416114,1.95696873,없음,유동성 지속성·업종주도력·당일변화 안정성·대형지수 포함,MSS7-S2-US-1.0.0
미국,MCHP,Microchip Technology Incorporated Common Stock,Technology,1.52936621,1.95550750,없음,유동성 지속성·업종주도력·당일변화 안정성·대형지수 포함,MSS7-S2-US-1.0.0
미국,COP,ConocoPhillips Common Stock,Energy,1.93386423,1.95550601,없음,유동성 지속성·업종주도력·당일변화 안정성·대형지수 포함,MSS7-S2-US-1.0.0
미국,EQT,EQT Corporation Common Stock,Energy,1.79015373,1.95421688,없음,유동성 지속성·업종주도력·당일변화 안정성·대형지수 포함,MSS7-S2-US-1.0.0
미국,CSX,CSX Corporation Common Stock,Industrials,1.64189169,1.94993033,없음,유동성 지속성·업종주도력·당일변화 안정성·대형지수 포함,MSS7-S2-US-1.0.0
미국,SBUX,Starbucks Corporation Common Stock,Consumer Discretionary,1.62828805,1.94548209,없음,유동성 지속성·업종주도력·당일변화 안정성·대형지수 포함,MSS7-S2-US-1.0.0
미국,ORLY,O'Reilly Automotive Inc. Common Stock,Consumer Discretionary,1.79926360,1.94514999,없음,유동성 지속성·업종주도력·당일변화 안정성·대형지수 포함,MSS7-S2-US-1.0.0
미국,KR,Kroger Company (The) Common Stock,Consumer Staples,1.79843142,1.94505955,없음,유동성 지속성·업종주도력·당일변화 안정성·대형지수 포함,MSS7-S2-US-1.0.0
미국,LUV,Southwest Airlines Company Common Stock,Consumer Discretionary,1.68568978,1.94349427,없음,유동성 지속성·업종주도력·당일변화 안정성·대형지수 포함,MSS7-S2-US-1.0.0
미국,DDOG,Datadog Inc. Class A Common Stock,Technology,1.80375166,1.93965781,없음,유동성 지속성·업종주도력·당일변화 안정성·대형지수 포함,MSS7-S2-US-1.0.0
미국,ORCL,Oracle Corporation Common Stock,Technology,1.95525355,1.93142891,없음,유동성 지속성·업종주도력·당일변화 안정성·대형지수 포함,MSS7-S2-US-1.0.0
미국,LLY,Eli Lilly and Company Common Stock,Health Care,2.07509984,1.93005535,없음,유동성 지속성·업종주도력·당일변화 안정성·대형지수 포함,MSS7-S2-US-1.0.0
미국,AMAT,Applied Materials Inc. Common Stock,Technology,1.71256726,1.92553450,없음,유동성 지속성·업종주도력·당일변화 안정성·대형지수 포함,MSS7-S2-US-1.0.0
미국,FIS,Fidelity National Information Services Inc. Common Stock,Consumer Discretionary,1.66142132,1.92338297,없음,유동성 지속성·업종주도력·당일변화 안정성·대형지수 포함,MSS7-S2-US-1.0.0
미국,META,Meta Platforms Inc. Class A Common Stock,Technology,2.08629288,1.91642655,없음,유동성 지속성·업종주도력·당일변화 안정성·대형지수 포함,MSS7-S2-US-1.0.0
미국,COF,Capital One Financial Corporation Common Stock,Finance,1.84669357,1.91539639,없음,유동성 지속성·업종주도력·당일변화 안정성·대형지수 포함,MSS7-S2-US-1.0.0
미국,PM,Philip Morris International Inc Common Stock,Health Care,1.94197021,1.91035955,없음,유동성 지속성·업종주도력·당일변화 안정성·대형지수 포함,MSS7-S2-US-1.0.0
미국,MS,Morgan Stanley Common Stock,Finance,1.71867116,1.90996519,없음,유동성 지속성·업종주도력·당일변화 안정성·대형지수 포함,MSS7-S2-US-1.0.0
미국,XYZ,Block Inc. Class A Common Stock,Technology,1.72006907,1.90902295,없음,유동성 지속성·업종주도력·당일변화 안정성·대형지수 포함,MSS7-S2-US-1.0.0
미국,MA,Mastercard Incorporated Common Stock,Consumer Discretionary,1.95381067,1.90866915,없음,유동성 지속성·업종주도력·당일변화 안정성·대형지수 포함,MSS7-S2-US-1.0.0
미국,USB,U.S. Bancorp Common Stock,Finance,1.60444424,1.90558304,없음,유동성 지속성·업종주도력·당일변화 안정성·대형지수 포함,MSS7-S2-US-1.0.0
미국,PANW,Palo Alto Networks Inc. Common Stock,Technology,1.68405720,1.90541122,없음,유동성 지속성·업종주도력·당일변화 안정성·대형지수 포함,MSS7-S2-US-1.0.0
미국,MO,Altria Group Inc.,Health Care,1.64094984,1.90429071,없음,유동성 지속성·업종주도력·당일변화 안정성·대형지수 포함,MSS7-S2-US-1.0.0
미국,BKR,Baker Hughes Company Class A Common Stock,Consumer Discretionary,1.54320314,1.90401577,없음,유동성 지속성·업종주도력·당일변화 안정성·대형지수 포함,MSS7-S2-US-1.0.0
미국,FITB,Fifth Third Bancorp Common Stock,Finance,1.53814500,1.89747443,없음,유동성 지속성·업종주도력·당일변화 안정성·대형지수 포함,MSS7-S2-US-1.0.0
미국,BNY,The Bank of New York Mellon Corporation Common Stock,Finance,1.81898745,1.89690022,없음,유동성 지속성·업종주도력·당일변화 안정성·대형지수 포함,MSS7-S2-US-1.0.0
