market,symbol,name,price,pct,sector,level1_score,trend_evidence,stage_status
KR,222800,심텍,149500,0.95,Technology,0.936787,ANCHOR_RETURNS r1m=42.1103 r3m=27.0178 r6m=163.2042; V5_CHEAP_SCREEN,LEVEL2_SCREEN_PASS
KR,000500,가온전선,318500,-0.93,Other,0.934960,ANCHOR_RETURNS r1m=102.2222 r3m=2.2472 r6m=178.4091; V5_CHEAP_SCREEN,LEVEL2_SCREEN_PASS
KR,036540,SFA반도체,10570,-0.47,Technology,0.928749,ANCHOR_RETURNS r1m=96.1039 r3m=71.8699 r6m=54.9853; V5_CHEAP_SCREEN,LEVEL2_SCREEN_PASS
KR,010170,대한광통신,17700,-0.62,Other,0.910081,ANCHOR_RETURNS r1m=34.6008 r3m=23.1733 r6m=114.5455; V5_CHEAP_SCREEN,LEVEL2_SCREEN_PASS
KR,098120,마이크로컨텍솔,58000,1.93,Technology,0.907896,ANCHOR_RETURNS r1m=49.2921 r3m=136.7347 r6m=122.2222; V5_CHEAP_SCREEN,LEVEL2_SCREEN_PASS
KR,009150,삼성전기,1507000,1.41,Technology,0.884458,ANCHOR_RETURNS r1m=14.3399 r3m=-23.2688 r6m=244.8513; V5_CHEAP_SCREEN,LEVEL2_SCREEN_PASS
KR,001820,삼화콘덴서,146900,-0.34,Technology,0.883218,ANCHOR_RETURNS r1m=58.9827 r3m=8.0147 r6m=170.0368; V5_CHEAP_SCREEN,LEVEL2_SCREEN_PASS
KR,067310,하나마이크론,46200,1.2,Technology,0.882900,ANCHOR_RETURNS r1m=33.9130 r3m=-4.2487 r6m=41.5008; V5_CHEAP_SCREEN,LEVEL2_SCREEN_PASS
KR,064290,인텍플러스,54800,-1.44,Industrials,0.875678,ANCHOR_RETURNS r1m=67.5841 r3m=33.8217 r6m=226.7740; V5_CHEAP_SCREEN,LEVEL2_SCREEN_PASS
KR,010950,S-Oil,155600,0.84,Energy,0.872798,ANCHOR_RETURNS r1m=10.1983 r3m=45.0140 r6m=43.5424; V5_CHEAP_SCREEN,LEVEL2_SCREEN_PASS
KR,000990,DB하이텍,132000,0.99,Technology,0.866737,ANCHOR_RETURNS r1m=51.5499 r3m=-13.3858 r6m=58.2734; V5_CHEAP_SCREEN,LEVEL2_SCREEN_PASS
KR,003490,대한항공,31500,0.32,Industrials,0.864560,ANCHOR_RETURNS r1m=21.1538 r3m=15.1737 r6m=26.7606; V5_CHEAP_SCREEN,LEVEL2_SCREEN_PASS
KR,036930,주성엔지니어링,209500,2.95,Industrials,0.863113,ANCHOR_RETURNS r1m=26.2048 r3m=14.8575 r6m=170.6718; V5_CHEAP_SCREEN,LEVEL2_SCREEN_PASS
KR,192650,드림텍,8450,-0.94,Technology,0.863047,ANCHOR_RETURNS r1m=79.0254 r3m=88.1960 r6m=18.6798; V5_CHEAP_SCREEN,LEVEL2_SCREEN_PASS
KR,119850,지엔씨에너지,56100,2.19,Utilities,0.861301,ANCHOR_RETURNS r1m=14.4898 r3m=181.6265 r6m=68.4685; V5_CHEAP_SCREEN,LEVEL2_SCREEN_PASS
KR,131290,티에스이,289000,2.85,Technology,0.861172,ANCHOR_RETURNS r1m=17.7189 r3m=15.8317 r6m=149.5682; V5_CHEAP_SCREEN,LEVEL2_SCREEN_PASS
KR,161890,한국콜마,147000,0.62,Materials,0.861115,ANCHOR_RETURNS r1m=2.5820 r3m=70.1389 r6m=87.9795; V5_CHEAP_SCREEN,LEVEL2_SCREEN_PASS
KR,066570,LG전자,209000,-3.46,Technology,0.859551,ANCHOR_RETURNS r1m=4.6046 r3m=2.2005 r6m=82.8521; V5_CHEAP_SCREEN,LEVEL2_SCREEN_PASS
KR,000660,SK하이닉스,1862000,1.2,Technology,0.859517,ANCHOR_RETURNS r1m=11.4303 r3m=-27.8295 r6m=88.8438; V5_CHEAP_SCREEN,LEVEL2_SCREEN_PASS
KR,144960,뉴파워프라즈마,12790,4.66,Industrials,0.858977,ANCHOR_RETURNS r1m=33.3681 r3m=76.4138 r6m=135.9779; V5_CHEAP_SCREEN,LEVEL2_SCREEN_PASS
KR,078930,GS,110700,0.09,Financials,0.852750,ANCHOR_RETURNS r1m=-3.4031 r3m=67.4735 r6m=63.5155; V5_CHEAP_SCREEN,LEVEL2_PROVISIONAL
KR,000150,두산,1512000,2.65,Technology,0.847970,ANCHOR_RETURNS r1m=39.3548 r3m=-2.1359 r6m=31.3640; V5_CHEAP_SCREEN,LEVEL2_SCREEN_PASS
KR,043260,성호전자,26200,-2.78,Technology,0.847265,ANCHOR_RETURNS r1m=46.0424 r3m=-12.8120 r6m=-39.7701; V5_CHEAP_SCREEN,LEVEL2_PROVISIONAL
KR,950260,인제니아테라퓨틱스(Reg.S),24400,4.05,Healthcare,0.844281,ANCHOR_RETURNS r1m=61.0561 r3m=NA r6m=NA; V5_CHEAP_SCREEN,LEVEL2_PROVISIONAL
KR,232140,와이씨,14250,-0.42,Industrials,0.843963,ANCHOR_RETURNS r1m=44.9644 r3m=9.8689 r6m=-29.4554; V5_CHEAP_SCREEN,LEVEL2_SCREEN_PASS
KR,456010,아이씨티케이,22600,1.57,Technology,0.841863,ANCHOR_RETURNS r1m=39.3342 r3m=16.4948 r6m=63.0592; V5_CHEAP_SCREEN,LEVEL2_SCREEN_PASS
KR,437730,삼현,51900,-3.71,Industrials,0.840827,ANCHOR_RETURNS r1m=61.4308 r3m=32.3980 r6m=0.5814; V5_CHEAP_SCREEN,LEVEL2_SCREEN_PASS
KR,006340,대원전선,13490,-1.24,Other,0.837749,ANCHOR_RETURNS r1m=4.7360 r3m=20.6619 r6m=146.1679; V5_CHEAP_SCREEN,LEVEL2_SCREEN_PASS
KR,001440,대한전선,30950,-2.06,Other,0.836342,ANCHOR_RETURNS r1m=15.9176 r3m=-9.3704 r6m=6.9085; V5_CHEAP_SCREEN,LEVEL2_SCREEN_PASS
KR,028050,삼성E&A,49350,-3.61,Other,0.834550,ANCHOR_RETURNS r1m=10.1563 r3m=12.2867 r6m=46.0059; V5_CHEAP_SCREEN,LEVEL2_SCREEN_PASS
KR,017900,광전자,9880,-3.14,Technology,0.834541,ANCHOR_RETURNS r1m=31.0345 r3m=33.1536 r6m=277.8203; V5_CHEAP_SCREEN,LEVEL2_SCREEN_PASS
KR,024840,KBI메탈,6350,-1.24,Materials,0.833950,ANCHOR_RETURNS r1m=22.1154 r3m=56.7901 r6m=203.8278; V5_CHEAP_SCREEN,LEVEL2_SCREEN_PASS
KR,059090,미코,22550,-0.22,Technology,0.832650,ANCHOR_RETURNS r1m=30.3468 r3m=22.6210 r6m=59.1390; V5_CHEAP_SCREEN,LEVEL2_SCREEN_PASS
KR,062040,산일전기,205500,0.24,Utilities,0.830113,ANCHOR_RETURNS r1m=24.4700 r3m=-7.8475 r6m=34.4895; V5_CHEAP_SCREEN,LEVEL2_SCREEN_PASS
KR,425420,티에프이,64300,-0.16,Technology,0.830088,ANCHOR_RETURNS r1m=53.0952 r3m=48.1567 r6m=5.2373; V5_CHEAP_SCREEN,LEVEL2_SCREEN_PASS
KR,105560,KB금융,173200,-1.42,Financials,0.828738,ANCHOR_RETURNS r1m=6.1925 r3m=14.0975 r6m=17.9033; V5_CHEAP_SCREEN,LEVEL2_SCREEN_PASS
KR,402340,SK스퀘어,1190000,5.03,Financials,0.827868,ANCHOR_RETURNS r1m=10.5948 r3m=-33.8521 r6m=100.0000; V5_CHEAP_SCREEN,LEVEL2_SCREEN_PASS
KR,005930,삼성전자,285500,3.25,Technology,0.827747,ANCHOR_RETURNS r1m=11.0895 r3m=-16.1527 r6m=50.5008; V5_CHEAP_SCREEN,LEVEL2_SCREEN_PASS
KR,077360,덕산하이메탈,13140,1.62,Technology,0.827513,ANCHOR_RETURNS r1m=39.0476 r3m=13.2759 r6m=17.5313; V5_CHEAP_SCREEN,LEVEL2_SCREEN_PASS
KR,055550,신한지주,109300,-3.45,Financials,0.826925,ANCHOR_RETURNS r1m=5.8083 r3m=14.2111 r6m=21.4444; V5_CHEAP_SCREEN,LEVEL2_SCREEN_PASS
KR,042700,한미반도체,243500,1.46,Industrials,0.826662,ANCHOR_RETURNS r1m=16.5072 r3m=-9.8148 r6m=-17.8752; V5_CHEAP_SCREEN,LEVEL2_PROVISIONAL
KR,096770,SK이노베이션,149200,5.82,Energy,0.826626,ANCHOR_RETURNS r1m=14.6810 r3m=51.6260 r6m=35.5132; V5_CHEAP_SCREEN,LEVEL2_SCREEN_PASS
KR,192820,코스맥스,272000,0.74,Materials,0.826393,ANCHOR_RETURNS r1m=-4.8951 r3m=79.3013 r6m=40.5685; V5_CHEAP_SCREEN,LEVEL2_PROVISIONAL
KR,086790,하나금융지주,133100,-2.13,Financials,0.825356,ANCHOR_RETURNS r1m=3.4188 r3m=16.5499 r6m=24.9765; V5_CHEAP_SCREEN,LEVEL2_SCREEN_PASS
KR,108490,로보티즈,301000,0.33,Industrials,0.825346,ANCHOR_RETURNS r1m=21.6162 r3m=17.8082 r6m=16.2162; V5_CHEAP_SCREEN,LEVEL2_SCREEN_PASS
KR,252990,샘씨엔에스,17930,3.22,Technology,0.824140,ANCHOR_RETURNS r1m=34.5086 r3m=45.5357 r6m=78.2306; V5_CHEAP_SCREEN,LEVEL2_SCREEN_PASS
KR,039030,이오테크닉스,481500,1.69,Industrials,0.823766,ANCHOR_RETURNS r1m=24.0979 r3m=-1.0277 r6m=13.6954; V5_CHEAP_SCREEN,LEVEL2_SCREEN_PASS
KR,031980,피에스케이홀딩스,163200,3.16,Industrials,0.822790,ANCHOR_RETURNS r1m=48.0944 r3m=32.7909 r6m=60.7882; V5_CHEAP_SCREEN,LEVEL2_SCREEN_PASS
KR,316140,우리금융지주,35350,-1.12,Financials,0.822776,ANCHOR_RETURNS r1m=10.6416 r3m=20.8547 r6m=9.4427; V5_CHEAP_SCREEN,LEVEL2_SCREEN_PASS
KR,058470,리노공업,74300,-0.93,Technology,0.822148,ANCHOR_RETURNS r1m=15.0155 r3m=-12.7934 r6m=-30.7549; V5_CHEAP_SCREEN,LEVEL2_PROVISIONAL
KR,034730,SK,611000,3.91,Financials,0.821714,ANCHOR_RETURNS r1m=11.2933 r3m=-14.1854 r6m=77.8748; V5_CHEAP_SCREEN,LEVEL2_SCREEN_PASS
KR,000880,한화,130000,-1.74,Materials,0.820809,ANCHOR_RETURNS r1m=55.1313 r3m=25.2408 r6m=13.4380; V5_CHEAP_SCREEN,LEVEL2_SCREEN_PASS
KR,006400,삼성SDI,521000,-1.51,Other,0.820418,ANCHOR_RETURNS r1m=1.1650 r3m=6.5440 r6m=31.0692; V5_CHEAP_SCREEN,LEVEL2_SCREEN_PASS
KR,095340,ISC,212500,2.16,Industrials,0.819667,ANCHOR_RETURNS r1m=37.8080 r3m=11.5486 r6m=-10.9015; V5_CHEAP_SCREEN,LEVEL2_SCREEN_PASS
KR,443060,HD현대마린솔루션,239000,-1.65,Other,0.818936,ANCHOR_RETURNS r1m=15.7385 r3m=9.1324 r6m=32.9255; V5_CHEAP_SCREEN,LEVEL2_SCREEN_PASS
KR,138040,메리츠금융지주,125600,-2.56,Financials,0.818838,ANCHOR_RETURNS r1m=8.8388 r3m=21.3527 r6m=18.3789; V5_CHEAP_SCREEN,LEVEL2_SCREEN_PASS
KR,028260,삼성물산,367000,0,Other,0.817743,ANCHOR_RETURNS r1m=0.6859 r3m=-23.7799 r6m=30.3730; V5_CHEAP_SCREEN,LEVEL2_SCREEN_PASS
KR,240810,원익IPS,133700,2.61,Industrials,0.817290,ANCHOR_RETURNS r1m=25.6579 r3m=-11.2218 r6m=-0.7424; V5_CHEAP_SCREEN,LEVEL2_PROVISIONAL
KR,180640,한진칼,140100,-2.37,Financials,0.816164,ANCHOR_RETURNS r1m=15.3086 r3m=22.8947 r6m=15.4988; V5_CHEAP_SCREEN,LEVEL2_SCREEN_PASS
KR,003160,디아이,36750,5.6,Technology,0.815983,ANCHOR_RETURNS r1m=61.5385 r3m=54.0881 r6m=3.2303; V5_CHEAP_SCREEN,LEVEL2_SCREEN_PASS
KR,131970,두산테스나,93700,0.32,Other,0.815817,ANCHOR_RETURNS r1m=24.7670 r3m=-21.6555 r6m=-10.0768; V5_CHEAP_SCREEN,LEVEL2_PROVISIONAL
KR,004710,한솔테크닉스,9900,0.92,Technology,0.815414,ANCHOR_RETURNS r1m=46.0177 r3m=-15.8879 r6m=105.6075; V5_CHEAP_SCREEN,LEVEL2_SCREEN_PASS
KR,018260,삼성에스디에스,220500,-2.43,Technology,0.814707,ANCHOR_RETURNS r1m=-3.2895 r3m=16.1749 r6m=40.3565; V5_CHEAP_SCREEN,LEVEL2_PROVISIONAL
KR,007810,코리아써키트,65100,-0.76,Technology,0.814516,ANCHOR_RETURNS r1m=17.7215 r3m=-33.9086 r6m=-0.1534; V5_CHEAP_SCREEN,LEVEL2_PROVISIONAL
KR,403870,HPSP,55500,2.21,Industrials,0.814013,ANCHOR_RETURNS r1m=26.2799 r3m=9.6838 r6m=13.8462; V5_CHEAP_SCREEN,LEVEL2_SCREEN_PASS
KR,006260,LS,321500,-1.53,Financials,0.813301,ANCHOR_RETURNS r1m=11.4385 r3m=-9.0523 r6m=16.2749; V5_CHEAP_SCREEN,LEVEL2_SCREEN_PASS
KR,011070,LG이노텍,535000,-1.29,Technology,0.812542,ANCHOR_RETURNS r1m=-6.1404 r3m=-44.0961 r6m=83.2192; V5_CHEAP_SCREEN,LEVEL2_PROVISIONAL
KR,032830,삼성생명,294500,1.2,Financials,0.812244,ANCHOR_RETURNS r1m=3.1524 r3m=-31.9861 r6m=32.6577; V5_CHEAP_SCREEN,LEVEL2_SCREEN_PASS
KR,000810,삼성화재,648000,-1.07,Financials,0.812050,ANCHOR_RETURNS r1m=1.8868 r3m=1.8868 r6m=34.8595; V5_CHEAP_SCREEN,LEVEL2_SCREEN_PASS
KR,298040,효성중공업,2896000,-0.17,Utilities,0.811822,ANCHOR_RETURNS r1m=3.7249 r3m=-13.6296 r6m=7.2195; V5_CHEAP_SCREEN,LEVEL2_SCREEN_PASS
KR,090430,아모레퍼시픽,142500,0.35,Materials,0.811663,ANCHOR_RETURNS r1m=1.8585 r3m=45.4082 r6m=5.0111; V5_CHEAP_SCREEN,LEVEL2_SCREEN_PASS
KR,005830,DB손해보험,184600,-0.7,Financials,0.811482,ANCHOR_RETURNS r1m=2.2715 r3m=34.4501 r6m=0.4899; V5_CHEAP_SCREEN,LEVEL2_SCREEN_PASS
KR,033780,KT&G,174300,-1.69,Other,0.809150,ANCHOR_RETURNS r1m=0.6351 r3m=3.3808 r6m=10.5964; V5_CHEAP_SCREEN,LEVEL2_SCREEN_PASS
KR,033640,네패스,27600,0.36,Technology,0.808682,ANCHOR_RETURNS r1m=43.9750 r3m=-2.1277 r6m=49.6746; V5_CHEAP_SCREEN,LEVEL2_SCREEN_PASS
KR,001450,현대해상,47550,-0.52,Financials,0.807958,ANCHOR_RETURNS r1m=-6.0277 r3m=35.2774 r6m=54.6341; V5_CHEAP_SCREEN,LEVEL2_PROVISIONAL
KR,052710,아모텍,18920,-2.22,Technology,0.806927,ANCHOR_RETURNS r1m=68.0284 r3m=-20.6709 r6m=43.2248; V5_CHEAP_SCREEN,LEVEL2_SCREEN_PASS
KR,095610,테스,161900,8.95,Industrials,0.806614,ANCHOR_RETURNS r1m=21.3643 r3m=-0.3692 r6m=156.9841; V5_CHEAP_SCREEN,LEVEL2_PROVISIONAL
KR,417840,저스템,17080,7.56,Industrials,0.806402,ANCHOR_RETURNS r1m=48.0069 r3m=39.2013 r6m=152.6627; V5_CHEAP_SCREEN,LEVEL2_SCREEN_PASS
KR,078350,한양디지텍,27650,-2.47,Technology,0.805541,ANCHOR_RETURNS r1m=31.6667 r3m=17.9104 r6m=5.3333; V5_CHEAP_SCREEN,LEVEL2_SCREEN_PASS
KR,046970,우리로,7910,3.94,Other,0.805107,ANCHOR_RETURNS r1m=84.8131 r3m=30.7438 r6m=72.8962; V5_CHEAP_SCREEN,LEVEL2_SCREEN_PASS
KR,278470,에이피알,368500,1.94,Materials,0.804370,ANCHOR_RETURNS r1m=-10.0122 r3m=-0.6739 r6m=10.8271; V5_CHEAP_SCREEN,LEVEL2_PROVISIONAL
KR,281820,케이씨텍,86800,7.69,Technology,0.803668,ANCHOR_RETURNS r1m=33.5385 r3m=6.5031 r6m=87.0690; V5_CHEAP_SCREEN,LEVEL2_SCREEN_PASS
KR,003550,LG,111900,-3.95,Financials,0.802966,ANCHOR_RETURNS r1m=-1.4097 r3m=12.8024 r6m=27.8857; V5_CHEAP_SCREEN,LEVEL2_PROVISIONAL
KR,160190,하이젠알앤엠,29400,2.08,Utilities,0.801754,ANCHOR_RETURNS r1m=60.4803 r3m=28.3843 r6m=-23.8342; V5_CHEAP_SCREEN,LEVEL2_SCREEN_PASS
KR,016360,삼성증권,91100,0.44,Financials,0.801643,ANCHOR_RETURNS r1m=5.1963 r3m=-15.2558 r6m=-3.6998; V5_CHEAP_SCREEN,LEVEL2_PROVISIONAL
KR,002990,금호건설,13010,-1.66,Industrials,0.800150,ANCHOR_RETURNS r1m=-12.4495 r3m=168.5243 r6m=161.7706; V5_CHEAP_SCREEN,LEVEL2_PROVISIONAL
KR,058610,에스피지,100700,1.92,Utilities,0.800007,ANCHOR_RETURNS r1m=7.1277 r3m=25.5611 r6m=-11.5114; V5_CHEAP_SCREEN,LEVEL2_SCREEN_PASS
KR,353200,대덕전자,119400,6.32,Technology,0.799986,ANCHOR_RETURNS r1m=14.1491 r3m=-13.5409 r6m=53.8660; V5_CHEAP_SCREEN,LEVEL2_SCREEN_PASS
KR,030530,원익홀딩스,28300,6.79,Materials,0.799922,ANCHOR_RETURNS r1m=47.0130 r3m=30.4147 r6m=-13.9818; V5_CHEAP_SCREEN,LEVEL2_SCREEN_PASS
KR,003670,포스코퓨처엠,179900,-2.33,Other,0.798200,ANCHOR_RETURNS r1m=5.2662 r3m=1.0107 r6m=-8.4012; V5_CHEAP_SCREEN,LEVEL2_SCREEN_PASS
KR,181710,NHN,56000,-2.1,Technology,0.797955,ANCHOR_RETURNS r1m=-20.0000 r3m=58.4158 r6m=52.1739; V5_CHEAP_SCREEN,LEVEL2_PROVISIONAL
KR,021240,코웨이,99800,0,Other,0.797190,ANCHOR_RETURNS r1m=2.3590 r3m=15.6431 r6m=38.0360; V5_CHEAP_SCREEN,LEVEL2_SCREEN_PASS
KR,080220,제주반도체,77600,2.65,Technology,0.797137,ANCHOR_RETURNS r1m=6.5934 r3m=-31.2666 r6m=83.2349; V5_CHEAP_SCREEN,LEVEL2_SCREEN_PASS
KR,229640,LS에코에너지,64000,7.56,Financials,0.796665,ANCHOR_RETURNS r1m=49.1841 r3m=17.4312 r6m=42.3804; V5_CHEAP_SCREEN,LEVEL2_SCREEN_PASS
KR,079550,LIG디펜스앤에어로스페이스,692000,-1.7,Other,0.796416,ANCHOR_RETURNS r1m=-3.4868 r3m=-16.0194 r6m=7.9563; V5_CHEAP_SCREEN,LEVEL2_PROVISIONAL
KR,218410,RFHIC,58600,-0.68,Technology,0.795550,ANCHOR_RETURNS r1m=26.8398 r3m=-13.9501 r6m=-23.2984; V5_CHEAP_SCREEN,LEVEL2_PROVISIONAL
KR,420770,기가비스,123100,3.01,Industrials,0.795290,ANCHOR_RETURNS r1m=17.6864 r3m=-20.9884 r6m=75.8571; V5_CHEAP_SCREEN,LEVEL2_SCREEN_PASS
KR,096530,씨젠,34000,-0.58,Healthcare,0.794625,ANCHOR_RETURNS r1m=5.7543 r3m=26.1596 r6m=52.8090; V5_CHEAP_SCREEN,LEVEL2_SCREEN_PASS
KR,475150,SK이터닉스,50800,0.59,Industrials,0.793796,ANCHOR_RETURNS r1m=-4.5113 r3m=34.5695 r6m=-1.9305; V5_CHEAP_SCREEN,LEVEL2_PROVISIONAL
KR,140410,메지온,82200,4.31,Healthcare,0.793093,ANCHOR_RETURNS r1m=27.0479 r3m=38.1513 r6m=-5.8419; V5_CHEAP_SCREEN,LEVEL2_SCREEN_PASS
US,META,Meta Platforms Inc. Class A Common Stock,777.59,4.501,Technology,0.971871,V5_BULK_SCORE; bulk price bar=2026-09-24; deep trend/history deferred to L3/L4,LEVEL2_SCREEN_PASS
US,INTC,Intel Corporation Common Stock,127.39,3.907,Technology,0.970082,V5_BULK_SCORE; bulk price bar=2026-09-24; deep trend/history deferred to L3/L4,LEVEL2_SCREEN_PASS
US,AMD,Advanced Micro Devices Inc. Common Stock,629.26,2.384,Technology,0.965786,V5_BULK_SCORE; bulk price bar=2026-09-24; deep trend/history deferred to L3/L4,LEVEL2_SCREEN_PASS
US,LLY,Eli Lilly and Company Common Stock,1181.89,2.685,Health Care,0.965746,V5_BULK_SCORE; bulk price bar=2026-09-24; deep trend/history deferred to L3/L4,LEVEL2_SCREEN_PASS
US,MRNA,Moderna Inc. Common Stock,194.82,6.979,Health Care,0.960440,V5_BULK_SCORE; bulk price bar=2026-09-24; deep trend/history deferred to L3/L4,LEVEL2_SCREEN_PASS
US,V,Visa Inc.,367.98,1.787,Consumer Discretionary,0.959686,V5_BULK_SCORE; bulk price bar=2026-09-24; deep trend/history deferred to L3/L4,LEVEL2_SCREEN_PASS
US,GOOGL,Alphabet Inc. Class A Common Stock,342.36,1.341,Technology,0.959169,V5_BULK_SCORE; bulk price bar=2026-09-24; deep trend/history deferred to L3/L4,LEVEL2_SCREEN_PASS
US,TMO,Thermo Fisher Scientific Inc Common Stock,678.39,1.968,Industrials,0.957804,V5_BULK_SCORE; bulk price bar=2026-09-24; deep trend/history deferred to L3/L4,LEVEL2_SCREEN_PASS
US,GOOG,Alphabet Inc. Class C Capital Stock,339.01,1.203,Technology,0.956994,V5_BULK_SCORE; bulk price bar=2026-09-24; deep trend/history deferred to L3/L4,LEVEL2_SCREEN_PASS
US,CDNS,Cadence Design Systems Inc. Common Stock,322,4.177,Technology,0.953921,V5_BULK_SCORE; bulk price bar=2026-09-24; deep trend/history deferred to L3/L4,LEVEL2_SCREEN_PASS
US,DIS,Walt Disney Company (The) Common Stock,105.56,2.03,Consumer Discretionary,0.952971,V5_BULK_SCORE; bulk price bar=2026-09-24; deep trend/history deferred to L3/L4,LEVEL2_SCREEN_PASS
US,VZ,Verizon Communications Inc. Common Stock,47.32,1.72,Telecommunications,0.952879,V5_BULK_SCORE; bulk price bar=2026-09-24; deep trend/history deferred to L3/L4,LEVEL2_SCREEN_PASS
US,VLO,Valero Energy Corporation Common Stock,382.86,1.868,Energy,0.952822,V5_BULK_SCORE; bulk price bar=2026-09-24; deep trend/history deferred to L3/L4,LEVEL2_SCREEN_PASS
US,RCL,Royal Caribbean Cruises Ltd. Common Stock,238.98,3.769,Consumer Discretionary,0.952259,V5_BULK_SCORE; bulk price bar=2026-09-24; deep trend/history deferred to L3/L4,LEVEL2_SCREEN_PASS
US,MU,Micron Technology Inc. Common Stock,1080.53,0.807,Technology,0.951477,V5_BULK_SCORE; bulk price bar=2026-09-24; deep trend/history deferred to L3/L4,LEVEL2_SCREEN_PASS
US,MA,Mastercard Incorporated Common Stock,566.08,1.1,Consumer Discretionary,0.950855,V5_BULK_SCORE; bulk price bar=2026-09-24; deep trend/history deferred to L3/L4,LEVEL2_SCREEN_PASS
US,P,Everpure Inc. Class A common stock,121.88,11.154,Technology,0.949913,V5_BULK_SCORE; bulk price bar=2026-09-24; deep trend/history deferred to L3/L4,LEVEL2_PROVISIONAL
US,UNH,UnitedHealth Group Incorporated Common Stock (DE),375.01,1.002,Health Care,0.949855,V5_BULK_SCORE; bulk price bar=2026-09-24; deep trend/history deferred to L3/L4,LEVEL2_SCREEN_PASS
US,HPE,Hewlett Packard Enterprise Company Common Stock,63.52,1.909,Technology,0.949677,V5_BULK_SCORE; bulk price bar=2026-09-24; deep trend/history deferred to L3/L4,LEVEL2_SCREEN_PASS
US,DDOG,Datadog Inc. Class A Common Stock,256.92,2.159,Technology,0.949603,V5_BULK_SCORE; bulk price bar=2026-09-24; deep trend/history deferred to L3/L4,LEVEL2_SCREEN_PASS
US,AXP,American Express Company Common Stock,305.66,1.225,Finance,0.949299,V5_BULK_SCORE; bulk price bar=2026-09-24; deep trend/history deferred to L3/L4,LEVEL2_SCREEN_PASS
US,SNPS,Synopsys Inc. Common Stock,424.91,2.869,Technology,0.948945,V5_BULK_SCORE; bulk price bar=2026-09-24; deep trend/history deferred to L3/L4,LEVEL2_SCREEN_PASS
US,CTAS,Cintas Corporation Common Stock,197.68,2.974,Industrials,0.948177,V5_BULK_SCORE; bulk price bar=2026-09-24; deep trend/history deferred to L3/L4,LEVEL2_SCREEN_PASS
US,WELL,Welltower Inc. Common Stock,233.61,1.627,Real Estate,0.947655,V5_BULK_SCORE; bulk price bar=2026-09-24; deep trend/history deferred to L3/L4,LEVEL2_SCREEN_PASS
US,ILMN,Illumina Inc. Common Stock,273.9,7.252,Health Care,0.946761,V5_BULK_SCORE; bulk price bar=2026-09-24; deep trend/history deferred to L3/L4,LEVEL2_SCREEN_PASS
US,APH,Amphenol Corporation Common Stock,83.08,1.083,Technology,0.946004,V5_BULK_SCORE; bulk price bar=2026-09-24; deep trend/history deferred to L3/L4,LEVEL2_SCREEN_PASS
US,DHR,Danaher Corporation Common Stock,223.77,0.997,Industrials,0.945337,V5_BULK_SCORE; bulk price bar=2026-09-24; deep trend/history deferred to L3/L4,LEVEL2_SCREEN_PASS
US,ANET,Arista Networks Inc. Common Stock,205.7,1.096,Telecommunications,0.945106,V5_BULK_SCORE; bulk price bar=2026-09-24; deep trend/history deferred to L3/L4,LEVEL2_SCREEN_PASS
US,XOM,ExxonMobil Holdings Corporation Common Stock,162.14,0.564,Energy,0.944841,V5_BULK_SCORE; bulk price bar=2026-09-24; deep trend/history deferred to L3/L4,LEVEL2_SCREEN_PASS
US,CSCO,Cisco Systems Inc. Common Stock (DE),106.97,0.507,Telecommunications,0.944208,V5_BULK_SCORE; bulk price bar=2026-09-24; deep trend/history deferred to L3/L4,LEVEL2_SCREEN_PASS
US,JNJ,Johnson & Johnson Common Stock,270.68,0.561,Health Care,0.943890,V5_BULK_SCORE; bulk price bar=2026-09-24; deep trend/history deferred to L3/L4,LEVEL2_SCREEN_PASS
US,BKNG,Booking Holdings Inc. Common Stock,157.41,0.969,Consumer Discretionary,0.943805,V5_BULK_SCORE; bulk price bar=2026-09-24; deep trend/history deferred to L3/L4,LEVEL2_SCREEN_PASS
US,ABNB,Airbnb Inc. Class A Common Stock,151.39,1.21,Consumer Discretionary,0.943743,V5_BULK_SCORE; bulk price bar=2026-09-24; deep trend/history deferred to L3/L4,LEVEL2_SCREEN_PASS
US,PLTR,Palantir Technologies Inc. Class A Common Stock,192.59,0.417,Technology,0.942632,V5_BULK_SCORE; bulk price bar=2026-09-24; deep trend/history deferred to L3/L4,LEVEL2_SCREEN_PASS
US,A,Agilent Technologies Inc. Common Stock,172.84,4.549,Industrials,0.942193,V5_BULK_SCORE; bulk price bar=2026-09-24; deep trend/history deferred to L3/L4,LEVEL2_SCREEN_PASS
US,NFLX,Netflix Inc. Common Stock,71.72,0.504,Consumer Discretionary,0.942043,V5_BULK_SCORE; bulk price bar=2026-09-24; deep trend/history deferred to L3/L4,LEVEL2_SCREEN_PASS
US,BLK,BlackRock Inc. Common Stock,1073.45,1.184,Finance,0.941093,V5_BULK_SCORE; bulk price bar=2026-09-24; deep trend/history deferred to L3/L4,LEVEL2_SCREEN_PASS
US,PFE,Pfizer Inc. Common Stock,28.41,0.816,Health Care,0.940458,V5_BULK_SCORE; bulk price bar=2026-09-24; deep trend/history deferred to L3/L4,LEVEL2_SCREEN_PASS
US,PWR,Quanta Services Inc. Common Stock,643.5,1.355,Industrials,0.940386,V5_BULK_SCORE; bulk price bar=2026-09-24; deep trend/history deferred to L3/L4,LEVEL2_SCREEN_PASS
US,COP,ConocoPhillips Common Stock,129.34,0.976,Energy,0.939797,V5_BULK_SCORE; bulk price bar=2026-09-24; deep trend/history deferred to L3/L4,LEVEL2_SCREEN_PASS
US,JPM,JP Morgan Chase & Co. Common Stock,338.56,0.305,Finance,0.939757,V5_BULK_SCORE; bulk price bar=2026-09-24; deep trend/history deferred to L3/L4,LEVEL2_SCREEN_PASS
US,DVN,Devon Energy Corporation Common Stock,48.9,1.79,Energy,0.939537,V5_BULK_SCORE; bulk price bar=2026-09-24; deep trend/history deferred to L3/L4,LEVEL2_SCREEN_PASS
US,VRTX,Vertex Pharmaceuticals Incorporated Common Stock,522.38,1.17,Health Care,0.937976,V5_BULK_SCORE; bulk price bar=2026-09-24; deep trend/history deferred to L3/L4,LEVEL2_SCREEN_PASS
US,HLT,Hilton Worldwide Holdings Inc. Common Stock,312.13,1.598,Consumer Discretionary,0.937425,V5_BULK_SCORE; bulk price bar=2026-09-24; deep trend/history deferred to L3/L4,LEVEL2_SCREEN_PASS
US,GEV,GE Vernova Inc. Common Stock,955.04,0.338,Technology,0.936901,V5_BULK_SCORE; bulk price bar=2026-09-24; deep trend/history deferred to L3/L4,LEVEL2_SCREEN_PASS
US,T,AT&T Inc.,25.45,0.593,Telecommunications,0.936304,V5_BULK_SCORE; bulk price bar=2026-09-24; deep trend/history deferred to L3/L4,LEVEL2_SCREEN_PASS
US,IQV,IQVIA Holdings Inc. Common Stock,275.02,2.673,Health Care,0.936206,V5_BULK_SCORE; bulk price bar=2026-09-24; deep trend/history deferred to L3/L4,LEVEL2_SCREEN_PASS
US,CRM,Salesforce Inc. Common Stock,238.22,0.269,Technology,0.935069,V5_BULK_SCORE; bulk price bar=2026-09-24; deep trend/history deferred to L3/L4,LEVEL2_SCREEN_PASS
US,BMY,Bristol-Myers Squibb Company Common Stock,61.5,0.572,Health Care,0.934518,V5_BULK_SCORE; bulk price bar=2026-09-24; deep trend/history deferred to L3/L4,LEVEL2_SCREEN_PASS
US,MPC,Marathon Petroleum Corporation Common Stock,390.95,0.662,Energy,0.934151,V5_BULK_SCORE; bulk price bar=2026-09-24; deep trend/history deferred to L3/L4,LEVEL2_SCREEN_PASS
US,AMZN,Amazon.com Inc. Common Stock,249.38,0.044,Consumer Discretionary,0.934130,V5_BULK_SCORE; bulk price bar=2026-09-24; deep trend/history deferred to L3/L4,LEVEL2_SCREEN_PASS
US,WFC,Wells Fargo & Company Common Stock,82.18,0.342,Finance,0.934024,V5_BULK_SCORE; bulk price bar=2026-09-24; deep trend/history deferred to L3/L4,LEVEL2_SCREEN_PASS
US,FANG,Diamondback Energy Inc. Common Stock,189.01,1.81,Energy,0.932038,V5_BULK_SCORE; bulk price bar=2026-09-24; deep trend/history deferred to L3/L4,LEVEL2_SCREEN_PASS
US,CVX,Chevron Corporation Common Stock,205.65,0.068,Energy,0.931886,V5_BULK_SCORE; bulk price bar=2026-09-24; deep trend/history deferred to L3/L4,LEVEL2_SCREEN_PASS
US,WAT,Waters Corporation Common Stock,430.3,2.314,Industrials,0.931699,V5_BULK_SCORE; bulk price bar=2026-09-24; deep trend/history deferred to L3/L4,LEVEL2_SCREEN_PASS
US,BAC,Bank of America Corporation Common Stock,56.03,0.054,Finance,0.931690,V5_BULK_SCORE; bulk price bar=2026-09-24; deep trend/history deferred to L3/L4,LEVEL2_SCREEN_PASS
US,OXY,Occidental Petroleum Corporation Common Stock,58.05,1.203,Energy,0.931024,V5_BULK_SCORE; bulk price bar=2026-09-24; deep trend/history deferred to L3/L4,LEVEL2_SCREEN_PASS
US,PM,Philip Morris International Inc Common Stock,191.5,0.346,Health Care,0.930170,V5_BULK_SCORE; bulk price bar=2026-09-24; deep trend/history deferred to L3/L4,LEVEL2_SCREEN_PASS
US,C,Citigroup Inc. Common Stock,132.1,0.129,Finance,0.929498,V5_BULK_SCORE; bulk price bar=2026-09-24; deep trend/history deferred to L3/L4,LEVEL2_SCREEN_PASS
US,DAL,Delta Air Lines Inc. Common Stock,82.76,1.235,Consumer Discretionary,0.929354,V5_BULK_SCORE; bulk price bar=2026-09-24; deep trend/history deferred to L3/L4,LEVEL2_SCREEN_PASS
US,KR,Kroger Company (The) Common Stock,58.92,2.221,Consumer Staples,0.929332,V5_BULK_SCORE; bulk price bar=2026-09-24; deep trend/history deferred to L3/L4,LEVEL2_SCREEN_PASS
US,KO,Coca-Cola Company (The) Common Stock,88.1,0.011,Consumer Staples,0.927303,V5_BULK_SCORE; bulk price bar=2026-09-24; deep trend/history deferred to L3/L4,LEVEL2_SCREEN_PASS
US,XYZ,Block Inc. Class A Common Stock,76.74,2.758,Technology,0.927290,V5_BULK_SCORE; bulk price bar=2026-09-24; deep trend/history deferred to L3/L4,LEVEL2_SCREEN_PASS
US,COIN,Coinbase Global Inc. Class A Common Stock,199.21,0.545,Finance,0.926943,V5_BULK_SCORE; bulk price bar=2026-09-24; deep trend/history deferred to L3/L4,LEVEL2_SCREEN_PASS
US,SYY,Sysco Corporation Common Stock,78.19,1.361,Consumer Discretionary,0.926589,V5_BULK_SCORE; bulk price bar=2026-09-24; deep trend/history deferred to L3/L4,LEVEL2_SCREEN_PASS
US,AZO,AutoZone Inc. Common Stock,2861.75,0.647,Consumer Discretionary,0.926453,V5_BULK_SCORE; bulk price bar=2026-09-24; deep trend/history deferred to L3/L4,LEVEL2_SCREEN_PASS
US,PH,Parker-Hannifin Corporation Common Stock,974.98,0.388,Industrials,0.926397,V5_BULK_SCORE; bulk price bar=2026-09-24; deep trend/history deferred to L3/L4,LEVEL2_SCREEN_PASS
US,ABBV,AbbVie Inc. Common Stock,265.12,0.015,Health Care,0.926194,V5_BULK_SCORE; bulk price bar=2026-09-24; deep trend/history deferred to L3/L4,LEVEL2_SCREEN_PASS
US,ISRG,Intuitive Surgical Inc. Common Stock,399.52,0.306,Health Care,0.926016,V5_BULK_SCORE; bulk price bar=2026-09-24; deep trend/history deferred to L3/L4,LEVEL2_SCREEN_PASS
US,BNY,The Bank of New York Mellon Corporation Common Stock,150.19,0.455,Finance,0.925993,V5_BULK_SCORE; bulk price bar=2026-09-24; deep trend/history deferred to L3/L4,LEVEL2_SCREEN_PASS
US,EMR,Emerson Electric Company Common Stock,156.14,1.003,Technology,0.925731,V5_BULK_SCORE; bulk price bar=2026-09-24; deep trend/history deferred to L3/L4,LEVEL2_SCREEN_PASS
US,COF,Capital One Financial Corporation Common Stock,196.61,0.26,Finance,0.925409,V5_BULK_SCORE; bulk price bar=2026-09-24; deep trend/history deferred to L3/L4,LEVEL2_SCREEN_PASS
US,WBD,Warner Bros. Discovery Inc. Series A Common Stock,30.84,0.26,Telecommunications,0.925309,V5_BULK_SCORE; bulk price bar=2026-09-24; deep trend/history deferred to L3/L4,LEVEL2_SCREEN_PASS
US,VEEV,Veeva Systems Inc. Class A Common Stock,274.84,1.511,Technology,0.925020,V5_BULK_SCORE; bulk price bar=2026-09-24; deep trend/history deferred to L3/L4,LEVEL2_SCREEN_PASS
US,ALL,Allstate Corporation (The) Common Stock,227.17,0.669,Finance,0.924513,V5_BULK_SCORE; bulk price bar=2026-09-24; deep trend/history deferred to L3/L4,LEVEL2_SCREEN_PASS
US,HUM,Humana Inc. Common Stock,380.32,1.478,Health Care,0.923627,V5_BULK_SCORE; bulk price bar=2026-09-24; deep trend/history deferred to L3/L4,LEVEL2_SCREEN_PASS
US,CAH,Cardinal Health Inc. Common Stock,222.62,0.61,Health Care,0.923117,V5_BULK_SCORE; bulk price bar=2026-09-24; deep trend/history deferred to L3/L4,LEVEL2_SCREEN_PASS
US,TJX,TJX Companies Inc. (The) Common Stock,131.63,0.03,Consumer Discretionary,0.922844,V5_BULK_SCORE; bulk price bar=2026-09-24; deep trend/history deferred to L3/L4,LEVEL2_SCREEN_PASS
US,FIX,Comfort Systems USA Inc. Common Stock,1643.39,1.076,Industrials,0.922837,V5_BULK_SCORE; bulk price bar=2026-09-24; deep trend/history deferred to L3/L4,LEVEL2_SCREEN_PASS
US,KEYS,Keysight Technologies Inc. Common Stock,357.54,1.183,Industrials,0.922315,V5_BULK_SCORE; bulk price bar=2026-09-24; deep trend/history deferred to L3/L4,LEVEL2_SCREEN_PASS
US,EQT,EQT Corporation Common Stock,51.87,1.586,Energy,0.921805,V5_BULK_SCORE; bulk price bar=2026-09-24; deep trend/history deferred to L3/L4,LEVEL2_SCREEN_PASS
US,EOG,EOG Resources Inc. Common Stock,142.86,0.719,Energy,0.921479,V5_BULK_SCORE; bulk price bar=2026-09-24; deep trend/history deferred to L3/L4,LEVEL2_SCREEN_PASS
US,STT,State Street Corporation Common Stock,181.09,0.634,Finance,0.921230,V5_BULK_SCORE; bulk price bar=2026-09-24; deep trend/history deferred to L3/L4,LEVEL2_SCREEN_PASS
US,LRCX,Lam Research Corporation Common Stock,307.16,-0.039,Technology,0.920712,V5_BULK_SCORE; bulk price bar=2026-09-24; deep trend/history deferred to L3/L4,LEVEL2_SCREEN_PASS
US,CIEN,Ciena Corporation Common Stock,358.43,0.708,Utilities,0.920427,V5_BULK_SCORE; bulk price bar=2026-09-24; deep trend/history deferred to L3/L4,LEVEL2_SCREEN_PASS
US,AMAT,Applied Materials Inc. Common Stock,474.25,-0.027,Technology,0.920380,V5_BULK_SCORE; bulk price bar=2026-09-24; deep trend/history deferred to L3/L4,LEVEL2_SCREEN_PASS
US,HWM,Howmet Aerospace Inc. Common Stock,229.38,0.262,Industrials,0.919415,V5_BULK_SCORE; bulk price bar=2026-09-24; deep trend/history deferred to L3/L4,LEVEL2_SCREEN_PASS
US,TRV,The Travelers Companies Inc. Common Stock,362.39,0.555,Finance,0.918871,V5_BULK_SCORE; bulk price bar=2026-09-24; deep trend/history deferred to L3/L4,LEVEL2_SCREEN_PASS
US,ICE,Intercontinental Exchange Inc. Common Stock,156.93,0.371,Finance,0.918723,V5_BULK_SCORE; bulk price bar=2026-09-24; deep trend/history deferred to L3/L4,LEVEL2_SCREEN_PASS
US,RL,Ralph Lauren Corporation Common Stock,351.86,4.264,Industrials,0.918632,V5_BULK_SCORE; bulk price bar=2026-09-24; deep trend/history deferred to L3/L4,LEVEL2_SCREEN_PASS
US,EXPE,Expedia Group Inc. Common Stock,261.75,1.046,Consumer Discretionary,0.918505,V5_BULK_SCORE; bulk price bar=2026-09-24; deep trend/history deferred to L3/L4,LEVEL2_SCREEN_PASS
US,MRK,Merck & Company Inc. Common Stock (new),147.98,-0.068,Health Care,0.918233,V5_BULK_SCORE; bulk price bar=2026-09-24; deep trend/history deferred to L3/L4,LEVEL2_SCREEN_PASS
US,ROST,Ross Stores Inc. Common Stock,235.4,0.607,Consumer Discretionary,0.918037,V5_BULK_SCORE; bulk price bar=2026-09-24; deep trend/history deferred to L3/L4,LEVEL2_SCREEN_PASS
US,GDDY,GoDaddy Inc. Class A Common Stock,100.81,4.596,Technology,0.917977,V5_BULK_SCORE; bulk price bar=2026-09-24; deep trend/history deferred to L3/L4,LEVEL2_SCREEN_PASS
US,GE,GE Aerospace Common Stock,319.78,-0.006,Technology,0.917963,V5_BULK_SCORE; bulk price bar=2026-09-24; deep trend/history deferred to L3/L4,LEVEL2_SCREEN_PASS
US,AME,AMETEK Inc.,247.74,0.523,Industrials,0.917869,V5_BULK_SCORE; bulk price bar=2026-09-24; deep trend/history deferred to L3/L4,LEVEL2_SCREEN_PASS
US,LYV,Live Nation Entertainment Inc. Common Stock,171.06,1.201,Consumer Discretionary,0.917196,V5_BULK_SCORE; bulk price bar=2026-09-24; deep trend/history deferred to L3/L4,LEVEL2_SCREEN_PASS
US,RVTY,Revvity Inc. Common Stock,150.68,6.031,Industrials,0.916728,V5_BULK_SCORE; bulk price bar=2026-09-24; deep trend/history deferred to L3/L4,LEVEL2_SCREEN_PASS
US,CVNA,Carvana Co. Class A Common Stock,64.18,0.36,Consumer Discretionary,0.916537,V5_BULK_SCORE; bulk price bar=2026-09-24; deep trend/history deferred to L3/L4,LEVEL2_SCREEN_PASS
US,CRL,Charles River Laboratories International Inc. Common Stock,294.44,6.17,Health Care,0.915974,V5_BULK_SCORE; bulk price bar=2026-09-24; deep trend/history deferred to L3/L4,LEVEL2_SCREEN_PASS
