시장,종목코드,종목명,업종,가격,당일등락률,시가총액,거래량,거래대금,1주수익률,1개월수익률,3개월수익률,6개월수익률,이상치상태,1단계점수,점수식버전
한국,222800,심텍,Technology,149500,0.95,5753436637000,584741,86694553100,14.3841,42.1103,27.0178,163.2042,없음,4.14685853,MSS7-S1-1.0.0
한국,010170,대한광통신,Other,17700,-0.62,2752096182000,8890968,158123523360,9.9379,34.6008,23.1733,114.5455,없음,3.90171061,MSS7-S1-1.0.0
한국,005930,삼성전자,Technology,285500,3.25,1669112542584000,20864376,5926486634990,12.6233,11.0895,-16.1527,50.5008,없음,3.90053208,MSS7-S1-1.0.0
한국,417840,저스템,Industrials,17080,7.56,391929311480,1983085,33170428755,17.5499,48.0069,39.2013,152.6627,없음,3.79667836,MSS7-S1-1.0.0
한국,096770,SK이노베이션,Energy,149200,5.82,25222675969600,999300,148676435650,9.4644,14.6810,51.6260,35.5132,없음,3.65797234,MSS7-S1-1.0.0
한국,000660,SK하이닉스,Technology,1862000,1.2,1360176783630000,2947714,5480333530143,5.8556,11.4303,-27.8295,88.8438,없음,3.65701727,MSS7-S1-1.0.0
한국,036930,주성엔지니어링,Industrials,209500,2.95,9737794849500,873557,180622863750,3.7129,26.2048,14.8575,170.6718,없음,3.58009528,MSS7-S1-1.0.0
한국,144960,뉴파워프라즈마,Industrials,12790,4.66,558828660960,1440331,18253979650,39.0217,33.3681,76.4138,135.9779,없음,3.41854263,MSS7-S1-1.0.0
한국,229640,LS에코에너지,Financials,64000,7.56,1959992256000,634008,40717518950,13.0742,49.1841,17.4312,42.3804,없음,3.40609150,MSS7-S1-1.0.0
한국,252990,샘씨엔에스,Technology,17930,3.22,1079706749770,637243,11511043865,8.0120,34.5086,45.5357,78.2306,없음,3.38108443,MSS7-S1-1.0.0
한국,030530,원익홀딩스,Materials,28300,6.79,2185834862300,6640185,192893126575,11.8577,47.0130,30.4147,-13.9818,없음,3.38031777,MSS7-S1-1.0.0
한국,402340,SK스퀘어,Financials,1190000,5.03,156989557620000,963292,1132505220813,16.6667,10.5948,-33.8521,100.0000,없음,3.35668011,MSS7-S1-1.0.0
한국,024840,KBI메탈,Materials,6350,-1.24,276011430450,2032142,12968095335,12.7886,22.1154,56.7901,203.8278,없음,3.35494046,MSS7-S1-1.0.0
한국,281820,케이씨텍,Technology,86800,7.69,1718523774800,298491,25587113350,23.1206,33.5385,6.5031,87.0690,없음,3.35442838,MSS7-S1-1.0.0
한국,009150,삼성전기,Technology,1507000,1.41,112563399872000,496091,743457672000,9.1238,14.3399,-23.2688,244.8513,없음,3.35122006,MSS7-S1-1.0.0
한국,000150,두산,Technology,1512000,2.65,24485078520000,79240,118116220500,9.0123,39.3548,-2.1359,31.3640,없음,3.30582947,MSS7-S1-1.0.0
한국,456010,아이씨티케이,Technology,22600,1.57,327753110000,1492535,35347643925,22.0302,39.3342,16.4948,63.0592,없음,3.28418263,MSS7-S1-1.0.0
한국,051160,지어소프트,Technology,12040,4.06,186312137200,161786,1947559850,21.3710,35.8916,81.8731,51.6373,없음,3.26473088,MSS7-S1-1.0.0
한국,010950,S-Oil,Energy,155600,0.84,17517882435200,376025,58872144050,7.9806,10.1983,45.0140,43.5424,없음,3.23332069,MSS7-S1-1.0.0
한국,080580,오킨스전자,Technology,24850,8.04,524110231750,1050265,26204884500,12.4434,53.6797,68.7033,36.3138,없음,3.22321489,MSS7-S1-1.0.0
한국,131290,티에스이,Technology,289000,2.85,3196752981000,72302,20758374500,18.9300,17.7189,15.8317,149.5682,없음,3.22077446,MSS7-S1-1.0.0
한국,003490,대한항공,Industrials,31500,0.32,11598949183500,4154511,130982068100,8.4337,21.1538,15.1737,26.7606,없음,3.20056180,MSS7-S1-1.0.0
한국,053800,안랩,Technology,74300,4.94,826699395800,128505,9493761250,15.0155,30.5800,41.5238,20.4214,없음,3.16161748,MSS7-S1-1.0.0
한국,103590,일진전기,Other,81700,6.8,3895896363000,999539,80921351650,16.0511,23.6006,10.2564,5.6921,없음,3.11560200,MSS7-S1-1.0.0
한국,095610,테스,Industrials,161900,8.95,3134384000000,358301,56509219850,19.3073,21.3643,-0.3692,156.9841,없음,3.09497765,MSS7-S1-1.0.0
한국,377030,비트맥스,Technology,2050,4.86,29297989100,52319,104539316,13.8889,24.6201,57.6923,175.5376,없음,3.09180693,MSS7-S1-1.0.0
한국,059090,미코,Technology,22550,-0.22,753548343900,359915,8063434975,13.9464,30.3468,22.6210,59.1390,없음,3.00787737,MSS7-S1-1.0.0
한국,001820,삼화콘덴서,Technology,146900,-0.34,1527025500000,618327,92014605700,2.0848,58.9827,8.0147,170.0368,없음,2.94636633,MSS7-S1-1.0.0
한국,203650,드림시큐리티,Technology,2790,3.72,283755510360,15868736,46055512140,4.6904,38.1188,9.6267,72.9696,없음,2.92494140,MSS7-S1-1.0.0
한국,043590,웰킵스하이텍,Technology,1717,3.5,23296910177,47485,80510375,14.4667,16.4068,76.8280,168.2812,없음,2.91973800,MSS7-S1-1.0.0
한국,077360,덕산하이메탈,Technology,13140,1.62,597042206280,713342,9385748275,23.2645,39.0476,13.2759,17.5313,없음,2.91122507,MSS7-S1-1.0.0
한국,084370,유진테크,Industrials,163600,9.5,3749064471200,270216,43001863900,16.5242,20.5601,1.1125,27.3152,없음,2.89645192,MSS7-S1-1.0.0
한국,031980,피에스케이홀딩스,Industrials,163200,3.16,3518982864000,98410,15858437050,-2.1583,48.0944,32.7909,60.7882,없음,2.86872957,MSS7-S1-1.0.0
한국,095340,ISC,Industrials,212500,2.16,4504374825000,117738,24686123500,10.7348,37.8080,11.5486,-10.9015,없음,2.86587538,MSS7-S1-1.0.0
한국,140410,메지온,Healthcare,82200,4.31,2517101602800,132585,10914246150,14.0083,27.0479,38.1513,-5.8419,없음,2.85813639,MSS7-S1-1.0.0
한국,403870,HPSP,Industrials,55500,2.21,4567650000000,1404443,77548253400,3.9326,26.2799,9.6838,13.8462,없음,2.85721105,MSS7-S1-1.0.0
한국,219130,타이거일렉,Technology,80800,5.07,510194632000,37792,2999571350,8.0214,27.6461,28.6624,146.7176,없음,2.84087890,MSS7-S1-1.0.0
한국,204270,제이앤티씨,Technology,23800,-4.99,1376793490800,1055612,25593965575,10.4408,28.1637,6.0134,39.1813,없음,2.83286034,MSS7-S1-1.0.0
한국,253590,네오셈,Industrials,13680,3.64,600130163520,2779052,39157988275,14.0000,35.5798,19.0601,-22.0068,없음,2.82675712,MSS7-S1-1.0.0
한국,069540,빛과전자,Technology,4020,2.29,453021425940,11362764,46349179042,-8.8435,43.3155,56.7251,53.4351,없음,2.82291071,MSS7-S1-1.0.0
한국,210120,캔버스엔,Communication,1893,-0.99,18352617963,150302,284035761,7.9863,46.6305,103.5484,18.7578,없음,2.82124120,MSS7-S1-1.0.0
한국,066570,LG전자,Technology,209000,-3.46,34042889342000,546536,114955326500,4.5000,4.6046,2.2005,82.8521,없음,2.81442330,MSS7-S1-1.0.0
한국,201490,미투온,Technology,3705,-0.54,121241404830,18096681,71386181320,-3.5156,47.3161,87.1212,21.0784,없음,2.81366788,MSS7-S1-1.0.0
한국,172670,에이엘티,Technology,13770,4.87,123382766430,79746,1095577200,19.1176,39.0909,35.1325,18.7069,없음,2.78379395,MSS7-S1-1.0.0
한국,353200,대덕전자,Technology,119400,6.32,5900380845000,1578412,184015317200,17.4041,14.1491,-13.5409,53.8660,없음,2.76748814,MSS7-S1-1.0.0
한국,425420,티에프이,Technology,64300,-0.16,793923738300,67134,4342503050,14.4128,53.0952,48.1567,5.2373,없음,2.76428596,MSS7-S1-1.0.0
한국,246960,SCL사이언스,Healthcare,2720,11.25,92526367840,477149,1256293632,20.0883,34.3210,75.2577,31.7191,없음,2.76210307,MSS7-S1-1.0.0
한국,007660,이수페타시스,Technology,118900,5.31,8728356139100,929301,109461510850,10.5019,18.1909,10.8108,-1.0815,없음,2.75854191,MSS7-S1-1.0.0
한국,034730,SK,Financials,611000,3.91,44299151533000,129962,78403933000,10.8893,11.2933,-14.1854,77.8748,없음,2.75705950,MSS7-S1-1.0.0
한국,232140,와이씨,Industrials,14250,-0.42,1169146237500,1780267,25395537070,19.8486,44.9644,9.8689,-29.4554,없음,2.74286881,MSS7-S1-1.0.0
한국,240810,원익IPS,Industrials,133700,2.61,6562517563700,2584001,353053961450,11.9765,25.6579,-11.2218,-0.7424,없음,2.71005371,MSS7-S1-1.0.0
한국,029460,케이씨,Technology,43350,-0.23,477740192250,35375,1531668200,8.9196,23.8571,50.7826,39.6135,없음,2.70511207,MSS7-S1-1.0.0
한국,003350,한국화장품제조,Materials,15850,5.25,359161000000,1291081,20120648085,6.0201,35.2389,112.1821,-64.3420,없음,2.69104954,MSS7-S1-1.0.0
한국,077500,유니퀘스트,Industrials,9190,7.61,198504937380,805775,7224549385,25.0340,33.3817,47.0400,48.2258,없음,2.68041757,MSS7-S1-1.0.0
한국,089790,제이티,Industrials,5990,1.7,61789922870,100097,604010290,16.0853,49.7500,32.8160,5.6437,없음,2.67636680,MSS7-S1-1.0.0
한국,295310,에이치브이엠,Materials,63100,8.42,782727609800,307985,19167763150,18.3865,40.5345,14.3116,-39.5014,없음,2.65484537,MSS7-S1-1.0.0
한국,368970,오에스피,Consumer,2775,-1.25,31190217450,10369,28561482,12.1212,15.6250,63.9102,77.8846,없음,2.65224507,MSS7-S1-1.0.0
한국,452260,한화갤러리아,Consumer,2765,1.65,536021821650,1576380,4369612785,5.9387,42.1594,30.4245,8.0078,없음,2.63001379,MSS7-S1-1.0.0
한국,067310,하나마이크론,Technology,46200,1.2,3071878147800,1706121,78283234600,32.1888,33.9130,-4.2487,41.5008,없음,2.62305417,MSS7-S1-1.0.0
한국,064760,티씨케이,Materials,286000,4.95,3197312976000,48692,13745289250,5.9259,25.7143,10.8527,24.3478,없음,2.61756537,MSS7-S1-1.0.0
한국,069920,엑시온그룹,Consumer,1254,3.98,28458800172,190293,237350483,9.5197,26.6667,25.5255,194.3662,없음,2.61474133,MSS7-S1-1.0.0
한국,086670,비엠티,Industrials,19310,2.99,191668839350,72907,1391517975,16.0457,27.7962,28.5619,35.9859,없음,2.61268385,MSS7-S1-1.0.0
한국,340450,지씨지놈,Other,8180,12.21,193463486740,1188856,9428923255,21.5453,51.7625,83.2027,9.7987,없음,2.59495934,MSS7-S1-1.0.0
한국,161890,한국콜마,Materials,147000,0.62,3469946319000,274025,40522592900,-2.0000,2.5820,70.1389,87.9795,없음,2.57928038,MSS7-S1-1.0.0
한국,093520,매커스,Industrials,29250,3.17,348128732250,35840,1042085550,10.7955,16.3022,71.9577,24.7335,없음,2.57603129,MSS7-S1-1.0.0
한국,446540,메가터치,Other,10900,15.47,316962309900,3520445,38921530020,21.7877,53.5211,86.9640,166.1783,미검증,2.54637825,MSS7-S1-1.0.0
한국,042370,비츠로테크,Financials,10650,-2.92,279030266250,1606016,17549924125,21.0227,32.4627,10.3627,-8.1897,없음,2.48867109,MSS7-S1-1.0.0
한국,006340,대원전선,Other,13490,-1.24,1057810471840,1548933,21037840590,5.8870,4.7360,20.6619,146.1679,없음,2.48699229,MSS7-S1-1.0.0
한국,005160,동국산업,Materials,3495,-5.03,189584464590,636036,2210599615,0.1433,41.2121,49.6788,10.0787,없음,2.48457789,MSS7-S1-1.0.0
한국,036810,에프에스티,Technology,31200,3.31,675473416800,135388,4182082600,19.3117,38.0531,18.1818,-26.0664,없음,2.47135552,MSS7-S1-1.0.0
한국,033640,네패스,Technology,27600,0.36,636433975200,175288,4802065350,12.1951,43.9750,-2.1277,49.6746,없음,2.45336657,MSS7-S1-1.0.0
한국,216080,제테마,Healthcare,7190,1.13,268094241810,107929,781829760,3.0086,38.2692,58.7196,-10.5721,없음,2.45111971,MSS7-S1-1.0.0
한국,004710,한솔테크닉스,Technology,9900,0.92,525130818300,473104,4753237480,11.1111,46.0177,-15.8879,105.6075,없음,2.44902126,MSS7-S1-1.0.0
한국,180640,한진칼,Financials,140100,-2.37,9353394727500,70054,9869157150,3.3186,15.3086,22.8947,15.4988,없음,2.44458374,MSS7-S1-1.0.0
한국,000990,DB하이텍,Technology,132000,0.99,5742605616000,413298,54022998350,5.6000,51.5499,-13.3858,58.2734,없음,2.43989484,MSS7-S1-1.0.0
한국,052690,한전기술,Other,130400,-5.58,4983888000000,486579,64058490650,-3.6928,44.4075,19.3047,-17.3638,없음,2.43100903,MSS7-S1-1.0.0
한국,001440,대한전선,Other,30950,-2.06,6065970846200,3032595,94512213125,10.9319,15.9176,-9.3704,6.9085,없음,2.42912047,MSS7-S1-1.0.0
한국,089860,롯데렌탈,Industrials,49650,0,1802761114200,25994,1289523325,3.1153,7.4675,79.5660,56.8720,없음,2.42724612,MSS7-S1-1.0.0
한국,105560,KB금융,Financials,173200,-1.42,61431915528800,679189,118050253200,-1.9808,6.1925,14.0975,17.9033,없음,2.40523485,MSS7-S1-1.0.0
한국,138040,메리츠금융지주,Financials,125600,-2.56,21018817488800,148894,18766875350,0.4800,8.8388,21.3527,18.3789,없음,2.38758860,MSS7-S1-1.0.0
한국,108490,로보티즈,Industrials,301000,0.33,4414775428000,212086,64227738500,-2.5890,21.6162,17.8082,16.2162,없음,2.38525684,MSS7-S1-1.0.0
한국,018000,유니슨,Industrials,1290,3.61,376566579330,3416198,4348748190,5.3922,35.2201,42.3841,-18.8679,없음,2.38017850,MSS7-S1-1.0.0
한국,354320,알멕,Materials,42200,12.68,269716278200,281298,11503556250,20.9169,39.2739,22.3188,-3.2110,없음,2.36858660,MSS7-S1-1.0.0
한국,356680,엑스게이트,Technology,18220,10.16,520062424240,17809737,337423854550,6.6121,59.2657,-18.4787,162.5360,없음,2.36474589,MSS7-S1-1.0.0
한국,443060,HD현대마린솔루션,Other,239000,-1.65,10715196940000,57461,13867663450,1.0571,15.7385,9.1324,32.9255,없음,2.36202216,MSS7-S1-1.0.0
한국,062040,산일전기,Utilities,205500,0.24,6297105675000,124718,25446226750,4.6867,24.4700,-7.8475,34.4895,없음,2.35453632,MSS7-S1-1.0.0
한국,041520,이엘씨,Technology,12590,1.21,153456110700,13395,165790290,7.6068,15.3987,55.2404,41.7793,없음,2.34998926,MSS7-S1-1.0.0
한국,048910,대원미디어,Other,7090,6.46,89184727140,125302,867050445,9.5827,28.4420,58.4358,-8.2794,없음,2.34598867,MSS7-S1-1.0.0
한국,440110,파두,Technology,81600,12.86,4089059803200,1278892,103099823600,37.6054,31.6129,-5.4461,44.1696,없음,2.34312607,MSS7-S1-1.0.0
한국,028050,삼성E&A,Other,49350,-3.61,9672600000000,2237039,110184302725,-2.2772,10.1563,12.2867,46.0059,없음,2.33890286,MSS7-S1-1.0.0
한국,055550,신한지주,Financials,109300,-3.45,51310911122700,895919,98782914050,-2.4978,5.8083,14.2111,21.4444,없음,2.33887445,MSS7-S1-1.0.0
한국,024900,디와이덕양,Industrials,2220,5.21,72294255600,535244,1184070323,11.5578,31.2833,23.4705,8.8235,없음,2.33642133,MSS7-S1-1.0.0
한국,006120,SK디스커버리,Financials,60300,4.87,1050049185300,51651,3048621800,8.6486,18.2353,37.0455,2.2034,없음,2.33428383,MSS7-S1-1.0.0
한국,039030,이오테크닉스,Industrials,481500,1.69,5931863325000,71864,34260840000,2.8846,24.0979,-1.0277,13.6954,없음,2.32708974,MSS7-S1-1.0.0
한국,457370,한켐,Materials,11290,-0.96,91077942860,341585,3901627765,16.0329,28.5877,7.9350,31.1266,없음,2.31856340,MSS7-S1-1.0.0
한국,303810,동국생명과학,Healthcare,2800,-7.74,89555592000,13244896,40239591092,21.2121,25.0000,13.8211,-14.6341,없음,2.31584489,MSS7-S1-1.0.0
한국,319660,피에스케이,Industrials,144800,10.62,4194380187200,561095,79081592600,11.8147,15.5626,-14.6730,81.4536,없음,2.30459490,MSS7-S1-1.0.0
한국,484120,도우인시스,Technology,23800,4.85,260786643600,119147,2876085225,30.9851,27.3408,48.1021,16.3814,없음,2.29672440,MSS7-S1-1.0.0
한국,316140,우리금융지주,Financials,35350,-1.12,26045404789950,1398444,49731421325,-2.6171,10.6416,20.8547,9.4427,없음,2.28793822,MSS7-S1-1.0.0
한국,001520,동양,Other,1153,-0.69,123511702896,852077,985760535,10.7589,7.9588,103.7102,41.6462,없음,2.28496190,MSS7-S1-1.0.0
한국,053610,프로텍,Industrials,76000,3.83,684000000000,53852,4062226100,21.9904,29.9145,-5.8240,40.2214,없음,2.28274007,MSS7-S1-1.0.0
한국,078930,GS,Financials,110700,0.09,10283531296500,342032,37659704500,-1.1607,-3.4031,67.4735,63.5155,없음,2.27861611,MSS7-S1-1.0.0
한국,290550,디케이티,Technology,22300,4.45,446027429000,235256,5181342725,32.3442,38.3375,15.4842,12.0603,없음,2.27463700,MSS7-S1-1.0.0
한국,078350,한양디지텍,Technology,27650,-2.47,421507162300,367261,9990468800,55.2499,31.6667,17.9104,5.3333,없음,2.26797917,MSS7-S1-1.0.0
한국,017890,한국알콜,Materials,15390,6.88,318165257340,247462,3784050130,8.9172,15.1946,36.9217,35.1185,없음,2.26794231,MSS7-S1-1.0.0
한국,044490,태웅,Industrials,38100,-4.27,762281216100,180731,6886414950,2.1448,36.0714,25.9504,-20.4593,없음,2.26089277,MSS7-S1-1.0.0
한국,053350,이니텍,Technology,4560,0.44,100416056400,47748,214896790,2.4719,17.8295,93.6306,44.7619,없음,2.25743855,MSS7-S1-1.0.0
한국,044820,코스맥스비티아이,Financials,26150,3.77,251142534150,17100,442780975,2.5490,11.9914,56.3060,63.9498,없음,2.25618461,MSS7-S1-1.0.0
한국,217190,제너셈,Industrials,7520,3.58,98916282720,122697,917582380,9.9415,17.6839,46.0194,24.9169,없음,2.25485440,MSS7-S1-1.0.0
한국,086790,하나금융지주,Financials,133100,-2.13,36066095021000,648296,86391731820,-2.6335,3.4188,16.5499,24.9765,없음,2.24360808,MSS7-S1-1.0.0
한국,332570,PS일렉트로닉스,Technology,8830,0.8,405655524490,1298694,11456121240,4.3735,1.8454,48.1544,63.8219,없음,2.23419666,MSS7-S1-1.0.0
한국,420770,기가비스,Industrials,123100,3.01,1560385809800,107431,13070939500,16.3516,17.6864,-20.9884,75.8571,없음,2.22769725,MSS7-S1-1.0.0
한국,098120,마이크로컨텍솔,Technology,58000,1.93,482140428000,260298,15588447250,16.0000,49.2921,136.7347,122.2222,미검증,2.22207321,MSS7-S1-1.0.0
한국,396300,HT로보틱스,Industrials,6010,29.95,159201895000,12897056,71363086667,28.6938,39.1204,73.1988,59.2053,미검증,2.21879512,MSS7-S1-1.0.0
한국,027580,상보,Materials,1822,-3.19,21565656610,72736,132980669,1.5042,13.7328,42.6782,214.1379,없음,2.20848640,MSS7-S1-1.0.0
한국,042700,한미반도체,Industrials,243500,1.46,23208520700000,369301,89109822750,7.7434,16.5072,-9.8148,-17.8752,없음,2.19869140,MSS7-S1-1.0.0
한국,086390,유니테스트,Industrials,13300,8.22,281083875800,300980,3923752410,14.2612,36.5503,7.7796,-25.6983,없음,2.19806675,MSS7-S1-1.0.0
한국,000520,삼일제약,Healthcare,8100,2.4,175703669100,109029,862780740,15.2205,29.8077,25.3870,-18.9189,없음,2.19727465,MSS7-S1-1.0.0
한국,006400,삼성SDI,Other,521000,-1.51,41985061130000,376430,195422763000,-4.2279,1.1650,6.5440,31.0692,없음,2.19625996,MSS7-S1-1.0.0
한국,489460,바이오비쥬,Materials,11960,5.75,176449312520,78288,916186350,3.2815,12.4060,116.2749,39.8830,없음,2.19372799,MSS7-S1-1.0.0
한국,062970,한국첨단소재,Technology,3080,3.18,92777062840,3146762,9665202040,-8.7407,31.6239,108.5308,31.3433,없음,2.19140491,MSS7-S1-1.0.0
한국,052860,아이앤씨,Technology,6790,-0.73,121315938660,22755,155523760,-2.3022,23.9051,67.6543,71.2484,없음,2.19089829,MSS7-S1-1.0.0
한국,071200,인피니트헬스케어,Technology,11820,-1.42,288366133560,48365,576330100,-9.0769,25.7447,81.8462,86.4353,없음,2.18768648,MSS7-S1-1.0.0
한국,013030,하이록코리아,Materials,37700,-0.26,443659028800,38715,1464058525,10.7195,21.8094,19.4929,4.1436,없음,2.18350466,MSS7-S1-1.0.0
한국,375500,DL이앤씨,Industrials,80900,-5.05,3130314100700,368951,29918971800,-7.2248,17.9300,30.6947,34.1625,없음,2.18134811,MSS7-S1-1.0.0
한국,263860,지니언스,Technology,18370,3.38,166792252000,360857,6613111955,-6.6565,32.0633,50.0817,35.4720,없음,2.17082151,MSS7-S1-1.0.0
한국,140070,서플러스글로벌,Industrials,2195,1.86,81188660000,138740,302772402,9.2040,20.0109,38.9241,14.1446,없음,2.16409160,MSS7-S1-1.0.0
한국,020560,아시아나항공,Industrials,8360,-0.12,1722082343960,276249,2326716815,6.9054,18.2461,15.1515,19.4286,없음,2.14709124,MSS7-S1-1.0.0
한국,307870,비투엔,Technology,1279,7.57,95028785515,769796,940390082,8.0236,29.1919,21.8095,9.4098,없음,2.14525720,MSS7-S1-1.0.0
한국,462860,더즌,Technology,3075,3.54,220686916725,2941878,9021838834,19.8830,8.8496,45.3901,-7.0997,없음,2.13752274,MSS7-S1-1.0.0
한국,036540,SFA반도체,Technology,10570,-0.47,1738345402710,6183347,64581612360,18.4978,96.1039,71.8699,54.9853,미검증,2.13602558,MSS7-S1-1.0.0
한국,042510,라온시큐어,Technology,10950,2.24,121608816600,754776,8395290305,-9.6535,41.4729,50.8264,21.8020,없음,2.13044527,MSS7-S1-1.0.0
한국,100590,머큐리,Technology,4995,2.15,85612027275,1714699,8773169380,3.5233,41.3013,27.5862,-15.3390,없음,2.12438434,MSS7-S1-1.0.0
한국,357780,솔브레인,Materials,370000,9.79,2878069420000,58240,21147802750,11.1111,12.1212,9.6296,-13.3489,없음,2.12359808,MSS7-S1-1.0.0
한국,114810,한솔아이원스,Industrials,14770,9.16,415674679980,479998,6917295740,20.2769,13.6154,9.8958,2.9268,없음,2.11513474,MSS7-S1-1.0.0
한국,126340,비나텍,Other,86800,5.98,623259935200,161765,13852968000,15.4255,36.9085,-10.3306,-29.1429,없음,2.11447910,MSS7-S1-1.0.0
한국,060370,LS마린솔루션,Technology,33650,1.51,1757837437100,165986,5527330800,4.1796,9.9673,32.4803,11.4238,없음,2.11107326,MSS7-S1-1.0.0
한국,412350,레이저쎌,Industrials,5430,0,79294523490,216042,1184565410,14.3158,34.0741,18.8184,-25.9209,없음,2.10797320,MSS7-S1-1.0.0
한국,068930,디지털대성,Other,9600,0.31,265683283200,346267,3344629655,8.5973,15.2461,37.1429,7.2626,없음,2.10495302,MSS7-S1-1.0.0
한국,096530,씨젠,Healthcare,34000,-0.58,1588969668000,164325,5598570650,4.7766,5.7543,26.1596,52.8090,없음,2.09738475,MSS7-S1-1.0.0
한국,058470,리노공업,Technology,74300,-0.93,5662540455000,1493192,110177330800,12.7466,15.0155,-12.7934,-30.7549,없음,2.09149989,MSS7-S1-1.0.0
한국,033780,KT&G,Other,174300,-1.69,18094162480800,266604,46655668650,1.3372,0.6351,3.3808,10.5964,없음,2.08928785,MSS7-S1-1.0.0
한국,090430,아모레퍼시픽,Materials,142500,0.35,8335218157500,145314,20745686600,-1.4523,1.8585,45.4082,5.0111,없음,2.06913902,MSS7-S1-1.0.0
한국,127710,아시아경제,Technology,1317,10.95,58012809570,97166,127322027,12.9503,30.0099,49.6591,-17.5845,없음,2.05751187,MSS7-S1-1.0.0
한국,128940,한미약품,Healthcare,520000,3.59,6661715320000,126975,66420977500,3.5857,-3.7037,29.0323,1.7613,없음,2.05218873,MSS7-S1-1.0.0
한국,086450,동국제약,Healthcare,21350,4.15,965669467000,821174,17668924925,2.3981,11.1400,17.3722,17.9558,없음,2.05162553,MSS7-S1-1.0.0
한국,005830,DB손해보험,Financials,184600,-0.7,12091364425400,164514,30306492000,-1.2834,2.2715,34.4501,0.4899,없음,2.05051099,MSS7-S1-1.0.0
한국,452430,사피엔반도체,Technology,40250,-1.95,332280695250,47284,1906662075,3.4704,54.2146,27.5753,21.0526,없음,2.04724553,MSS7-S1-1.0.0
한국,000880,한화,Materials,130000,-1.74,6932756610000,61735,8086377750,-5.5919,55.1313,25.2408,13.4380,없음,2.04561833,MSS7-S1-1.0.0
한국,036710,심텍홀딩스,Other,4485,7.81,236932476690,1031664,4525650119,11.0149,12.6884,6.4057,69.2453,없음,2.03403004,MSS7-S1-1.0.0
한국,054220,비츠로시스,Utilities,1729,1.41,21769175064,51045,87225459,6.5311,11.9094,17.6190,194.0476,없음,2.02671533,MSS7-S1-1.0.0
한국,006360,GS건설,Industrials,34600,-7.61,2961119554000,2377160,83078325400,-5.7221,2.0649,38.1238,22.6950,없음,2.02182481,MSS7-S1-1.0.0
한국,007610,선도전기,Utilities,4415,-1.78,79470000000,358320,1606175855,16.0315,13.3504,14.5266,47.1667,없음,2.01899667,MSS7-S1-1.0.0
한국,028260,삼성물산,Other,367000,0,59515502227000,275715,102096058500,3.8190,0.6859,-23.7799,30.3730,없음,2.01771649,MSS7-S1-1.0.0
한국,071280,로체시스템즈,Industrials,8030,10.15,122831722090,586377,4577458625,16.7151,23.1595,25.2730,0.1247,없음,2.01240440,MSS7-S1-1.0.0
한국,122350,삼기,Industrials,1637,2.18,62761643636,9059094,15320031828,0.5528,10.6081,50.7366,5.9547,없음,2.00807120,MSS7-S1-1.0.0
한국,006260,LS,Financials,321500,-1.53,10030800000000,71796,23411934750,5.9308,11.4385,-9.0523,16.2749,없음,2.00736759,MSS7-S1-1.0.0
한국,059100,아이컴포넌트,Technology,6920,0,48930351200,10008,69283940,6.4615,12.8874,44.1667,29.3458,없음,2.00643093,MSS7-S1-1.0.0
한국,173130,오파스넷,Technology,7510,4.74,97979012230,214017,1601985700,9.1570,35.0719,13.7879,-0.2656,없음,2.00487640,MSS7-S1-1.0.0
한국,460870,에스엠씨지,Other,3080,0.33,61825776320,87076,268658100,12.6143,12.0000,61.2565,-14.0865,없음,2.00413067,MSS7-S1-1.0.0
한국,125490,한라캐스트,Industrials,12110,-2.34,442043482720,1287820,15990083485,10.7960,11.1009,31.7737,-27.1360,없음,2.00381086,MSS7-S1-1.0.0
한국,000720,현대건설,Industrials,121100,-7.77,13485183141500,1201523,147407345200,-2.5744,14.6780,5.5798,-19.2128,없음,2.00207110,MSS7-S1-1.0.0
한국,265740,엔에프씨,Materials,7450,-1.06,133083820000,369658,2755752740,11.3602,13.7405,55.3702,-11.3095,없음,2.00152864,MSS7-S1-1.0.0
한국,092730,네오팜,Materials,23650,0.64,379061939850,40788,958912875,8.7356,0.8529,46.5304,36.3112,없음,1.99115332,MSS7-S1-1.0.0
한국,080220,제주반도체,Technology,77600,2.65,2672763840800,912548,70673564200,8.5315,6.5934,-31.2666,83.2349,없음,1.98573871,MSS7-S1-1.0.0
한국,037370,EG,Materials,4400,1.85,37949876800,13335,58002225,6.7961,25.1778,45.9370,-15.8700,없음,1.98570867,MSS7-S1-1.0.0
한국,121890,에스디시스템,Technology,2730,-0.18,36285647580,12525,34170070,2.6316,12.3457,32.5243,94.5830,없음,1.98556227,MSS7-S1-1.0.0
한국,048770,TPC로보틱스,Industrials,4200,-0.36,65931562200,444452,1909056684,-2.2119,46.5969,29.0323,37.7049,없음,1.98547720,MSS7-S1-1.0.0
한국,156100,엘앤케이바이오,Healthcare,5910,2.96,132095314230,175934,1042297685,4.9734,44.8529,29.8901,-34.1871,없음,1.98397902,MSS7-S1-1.0.0
한국,149950,아바텍,Technology,12120,-2.49,165652560360,158718,1947035565,9.7826,42.5882,-4.4917,21.2000,없음,1.98274571,MSS7-S1-1.0.0
한국,043260,성호전자,Technology,26200,-2.78,1976838417600,2792564,72759502025,41.1638,46.0424,-12.8120,-39.7701,없음,1.98072284,MSS7-S1-1.0.0
한국,425040,티이엠씨,Materials,12890,3.45,282586155220,950998,11994591205,29.8087,47.3143,-3.9493,24.5411,없음,1.97771224,MSS7-S1-1.0.0
한국,228850,레이언스,Healthcare,7910,0.25,131234920740,74750,590585195,11.0955,8.5048,36.8512,24.7634,없음,1.97332749,MSS7-S1-1.0.0
한국,078340,컴투스,Technology,34950,-0.14,422591389350,51019,1771994875,3.2496,10.0787,46.8487,10.4265,없음,1.96875193,MSS7-S1-1.0.0
한국,000430,대원강업,Industrials,4850,-3.39,300700000000,73399,360696351,2.1053,20.9476,24.6787,25.0000,없음,1.96836376,MSS7-S1-1.0.0
한국,058610,에스피지,Utilities,100700,1.92,2233260152000,359173,36610953750,2.5458,7.1277,25.5611,-11.5114,없음,1.96574581,MSS7-S1-1.0.0
한국,298040,효성중공업,Utilities,2896000,-0.17,27003891008000,27462,78971822000,3.2074,3.7249,-13.6296,7.2195,없음,1.95998357,MSS7-S1-1.0.0
한국,022220,티케이지애강,Materials,839,0.48,43455651781,4722,3896442,-6.2570,40.3010,30.2795,59.5057,없음,1.95281013,MSS7-S1-1.0.0
한국,041190,우리기술투자,Financials,6060,1.34,483588000000,2165904,13012584685,16.9884,3.2368,27.5789,-4.8666,없음,1.94888315,MSS7-S1-1.0.0
한국,131970,두산테스나,Other,93700,0.32,1810962200600,200835,18652896000,19.3631,24.7670,-21.6555,-10.0768,없음,1.94595146,MSS7-S1-1.0.0
한국,008930,한미사이언스,Financials,52100,2.76,3563199755000,126640,6652723500,1.9569,-7.7876,85.4093,41.9619,없음,1.94016011,MSS7-S1-1.0.0
한국,406820,뷰티스킨,Materials,2410,3.88,34068138370,3088228,7709839471,-5.1181,28.9460,41.5981,21.1664,없음,1.93995093,MSS7-S1-1.0.0
한국,299660,셀리드,Healthcare,2620,-9.19,77297799740,7834941,23978768091,18.5520,14.6608,7.8189,-0.1905,없음,1.93595021,MSS7-S1-1.0.0
한국,226590,엠디바이스,Technology,14740,1.1,157965396160,81754,1207414355,17.8257,29.2982,17.4502,-55.6692,없음,1.92757952,MSS7-S1-1.0.0
한국,000810,삼성화재,Financials,648000,-1.07,28931562504000,60134,38949167000,-1.9667,1.8868,1.8868,34.8595,없음,1.92144844,MSS7-S1-1.0.0
한국,032830,삼성생명,Financials,294500,1.2,58900000000000,223073,65745880000,3.8801,3.1524,-31.9861,32.6577,없음,1.91838027,MSS7-S1-1.0.0
한국,274090,켄코아에어로스페이스,Industrials,12930,3.69,178100496510,3663756,48925649540,27.0138,31.6701,6.0705,-37.5362,없음,1.91825138,MSS7-S1-1.0.0
한국,246690,TS인베스트먼트,Financials,2180,0.69,51836419320,50516,109721095,0.0000,17.8378,65.5277,30.4608,없음,1.91751787,MSS7-S1-1.0.0
한국,033790,피노,Other,7600,1.6,633246341200,938306,7039264685,-2.1879,26.4559,7.1932,54.3147,없음,1.91562059,MSS7-S1-1.0.0
한국,018260,삼성에스디에스,Technology,220500,-2.43,17061804900000,94796,20918339250,1.3793,-3.2895,16.1749,40.3565,없음,1.91159984,MSS7-S1-1.0.0
한국,327260,RF머트리얼즈,Technology,47050,-2.49,846374874950,552483,26037365075,6.3277,37.3723,-17.7448,-24.1129,없음,1.90604178,MSS7-S1-1.0.0
한국,417010,나노팀,Industrials,6580,4.11,132736550240,704907,4778242730,6.9919,32.3944,20.0730,-35.9299,없음,1.90267484,MSS7-S1-1.0.0
한국,126730,코칩,Technology,22700,-1.52,199081860200,179272,4128039825,-0.8734,27.1709,32.9818,18.7860,없음,1.90237666,MSS7-S1-1.0.0
한국,262260,에이프로,Technology,4525,0,68226411500,36985,164951095,2.9579,37.1212,23.1293,-9.3186,없음,1.89887387,MSS7-S1-1.0.0
한국,045100,한양이엔지,Other,32150,1.74,562625000000,50870,1629391375,10.8621,11.6319,15.6475,1.5798,없음,1.89140891,MSS7-S1-1.0.0
한국,218410,RFHIC,Technology,58600,-0.68,1557320901200,310613,18248395700,11.1954,26.8398,-13.9501,-23.2984,없음,1.89051651,MSS7-S1-1.0.0
한국,034020,두산에너빌리티,Industrials,81700,-5.55,52333845628200,4585876,377610192400,-2.5060,11.9178,-9.8234,-18.3816,없음,1.88931974,MSS7-S1-1.0.0
한국,083310,엘오티베큠,Industrials,11100,4.42,197691366300,177085,1935091980,15.7456,21.4442,16.9652,-19.2727,없음,1.88713324,MSS7-S1-1.0.0
한국,352910,오비고,Technology,4815,0.42,60851016630,7334,35254185,-0.3106,40.1747,23.4615,13.8298,없음,1.88650387,MSS7-S1-1.0.0
한국,191410,육일씨엔에쓰,Technology,1773,-3.27,27499534956,161269,285962054,-2.4216,42.7536,60.5978,-30.7422,없음,1.87631120,MSS7-S1-1.0.0
한국,007340,DN오토모티브,Other,47900,-3.43,2802670433500,131657,6331780225,3.4557,0.2092,25.8870,22.0382,없음,1.87444741,MSS7-S1-1.0.0
한국,419050,삼기에너지솔루션즈,Industrials,1936,20.77,110731920640,36461754,70194600212,24.1026,23.0769,33.3333,24.6619,미검증,1.86583453,MSS7-S1-1.0.0
한국,480370,씨케이솔루션,Industrials,1770,-5.65,57492092160,231555,416221144,4.7337,31.2083,34.1926,-35.1648,없음,1.85966333,MSS7-S1-1.0.0
한국,163730,핑거,Technology,12650,6.21,161486320050,355493,4473773380,35.4390,28.6877,5.2413,27.0080,없음,1.85864325,MSS7-S1-1.0.0
한국,100840,SNT에너지,Industrials,36700,-4.68,758984736100,189449,7003407525,-3.9267,37.9699,27.2097,-25.7836,없음,1.85468567,MSS7-S1-1.0.0
한국,130580,나이스디앤비,Other,6770,0.3,104258000000,21466,144007080,2.2659,20.8929,27.7358,19.8230,없음,1.85022842,MSS7-S1-1.0.0
한국,005290,동진쎄미켐,Materials,46800,8.96,2385401896800,983950,44916292225,15.1292,11.4286,-18.4669,-2.9046,없음,1.84577149,MSS7-S1-1.0.0
한국,065690,파커스,Materials,1858,0.05,22322954006,20526,37903794,1.6968,7.3988,68.2971,17.4463,없음,1.84364653,MSS7-S1-1.0.0
한국,002420,우양피앤엘,Energy,6180,-1.75,192617523120,23124,141636200,10.3571,10.7527,24.0964,9.1873,없음,1.84329007,MSS7-S1-1.0.0
한국,089890,코세스,Industrials,29050,7.2,481793146100,184644,5224898325,3.7500,26.5795,-0.1718,27.6923,없음,1.83458359,MSS7-S1-1.0.0
한국,217590,티엠씨,Other,14330,-1.92,345270244250,717927,10321084605,8.8906,27.0390,0.9866,-40.7851,없음,1.83303001,MSS7-S1-1.0.0
한국,388790,라이콤,Technology,5290,0.76,161948906400,701939,3716319180,9.0722,32.0849,-10.3390,24.3243,없음,1.82209181,MSS7-S1-1.0.0
한국,054920,한컴위드,Technology,4745,0,133890049345,4905260,24522489468,-10.3025,24.0523,41.8535,6.5095,없음,1.82010831,MSS7-S1-1.0.0
한국,347700,스피어,Technology,23300,3.33,1201146734600,1877045,44120321375,14.4963,1.0846,8.8785,-45.8140,없음,1.81715295,MSS7-S1-1.0.0
한국,289010,아이스크림에듀,Communication,1180,1.03,16455402080,280530,328223521,3.2371,31.9911,29.1028,-24.0180,없음,1.81416093,MSS7-S1-1.0.0
한국,199430,케이엔알시스템,Technology,18270,0.5,204569975610,66588,1229842335,-3.0769,46.8650,45.3461,-20.3922,없음,1.81327363,MSS7-S1-1.0.0
한국,138080,오이솔루션,Technology,28350,0.18,350909439300,344208,9781929150,9.8837,20.1271,4.0367,-16.8622,없음,1.80689925,MSS7-S1-1.0.0
한국,192820,코스맥스,Materials,272000,0.74,3087066448000,67379,18282589500,-3.0303,-4.8951,79.3013,40.5685,없음,1.80240688,MSS7-S1-1.0.0
한국,478340,나라스페이스테크놀로지,Industrials,14190,8.9,164751788850,9729490,145667375640,33.1144,46.8944,-1.8672,-67.4541,없음,1.79817116,MSS7-S1-1.0.0
한국,079900,전진건설로봇,Industrials,42300,0.71,617264653500,57277,2404009200,8.1841,27.9879,2.1739,-21.2291,없음,1.79745916,MSS7-S1-1.0.0
한국,047770,코데즈컴바인,Consumer,3785,0.53,143234248570,790536,2944015834,6.0224,22.2940,31.8815,-7.1166,없음,1.79617900,MSS7-S1-1.0.0
한국,388210,씨엠티엑스,Technology,88500,4.36,854417763000,72548,6395472650,22.5762,26.4286,-5.4487,-37.8947,없음,1.78964961,MSS7-S1-1.0.0
한국,088280,쏘닉스,Technology,3170,-2.76,54861573300,88019,281679143,7.2758,38.7309,-3.0581,4.2763,없음,1.78293467,MSS7-S1-1.0.0
한국,272110,케이엔제이,Technology,30300,1.85,243169468500,65218,1978971625,19.0570,22.6721,0.8319,-13.3047,없음,1.77712605,MSS7-S1-1.0.0
한국,294570,쿠콘,Technology,27400,5.18,276513456800,178616,4835318875,12.5257,3.2015,41.0190,-6.8027,없음,1.77419880,MSS7-S1-1.0.0
한국,059120,아진엑스텍,Technology,7350,0.68,134578985100,344415,2536045135,4.4034,15.7480,29.8587,0.2729,없음,1.76481584,MSS7-S1-1.0.0
한국,356860,티엘비,Technology,44600,0.22,1057076196000,581725,25720176075,17.0604,32.1481,-42.8205,-39.8111,없음,1.75553373,MSS7-S1-1.0.0
한국,068790,DMS,Industrials,7700,-0.39,170817754800,27995,214903685,10.1574,1.1827,76.6055,-1.2821,없음,1.75475017,MSS7-S1-1.0.0
한국,399720,가온칩스,Technology,47400,4.87,562109205600,197279,9334582700,18.3521,7.9727,11.5294,-27.5229,없음,1.75385071,MSS7-S1-1.0.0
한국,234340,헥토파이낸셜,Financials,22550,5.37,315038292800,441373,9816489125,22.4878,8.6747,14.9337,-26.4274,없음,1.75111161,MSS7-S1-1.0.0
한국,032790,엠젠솔루션,Industrials,1220,-0.41,31329729320,104007,122363463,-3.5573,35.5556,1.7515,72.8045,없음,1.74180867,MSS7-S1-1.0.0
한국,088350,한화생명,Financials,5640,-0.18,4898509200000,2075772,11673718590,-3.4247,7.6336,21.0300,16.4087,없음,1.74130367,MSS7-S1-1.0.0
한국,214430,아이쓰리시스템,Technology,68400,-1.72,499813506000,24769,1707030600,14.7651,14.7651,12.5000,-27.2340,없음,1.73661240,MSS7-S1-1.0.0
한국,361610,SK아이이테크놀로지,Other,17170,6.18,1404284507000,606475,10394071955,8.5335,12.1489,4.0606,-20.5093,없음,1.72606149,MSS7-S1-1.0.0
한국,170920,엘티씨,Materials,38700,9.63,408831676200,330073,12588721025,19.6291,10.2564,-15.4098,27.5124,없음,1.72209200,MSS7-S1-1.0.0
한국,441270,파인엠텍,Technology,8750,4.67,370059593750,427643,3708642010,-1.1299,30.4024,34.8228,-18.2243,없음,1.71621120,MSS7-S1-1.0.0
한국,092220,KEC,Technology,3165,5.68,127083067620,1499785,4825596332,5.3245,28.6585,-19.8734,76.9145,없음,1.71553390,MSS7-S1-1.0.0
한국,122640,예스티,Industrials,32000,1.91,692842400000,280589,9038182200,11.3043,12.4780,-14.6667,36.7521,없음,1.71518744,MSS7-S1-1.0.0
한국,294140,레몬,Materials,2740,-1.26,68266601320,9901,26881900,18.3585,23.9819,0.3663,-8.2077,없음,1.71108213,MSS7-S1-1.0.0
한국,303360,프로티아,Healthcare,5360,0.56,69035272400,5351,28246830,3.0769,11.6667,36.3868,14.8982,없음,1.70990973,MSS7-S1-1.0.0
한국,039010,현대에이치티,Technology,8540,0.35,73657500000,57904,500078385,8.9286,14.7849,16.8263,3.5152,없음,1.70786040,MSS7-S1-1.0.0
한국,950250,테라뷰,Financials,3160,-4.53,112802305120,421176,1362474869,1.6077,37.6906,26.4000,-59.8475,없음,1.70669539,MSS7-S1-1.0.0
한국,093370,후성,Materials,13950,2.57,1496211853500,7496102,107366380545,-3.9917,14.1571,-24.0196,95.1049,없음,1.70149565,MSS7-S1-1.0.0
한국,049430,코메론,Technology,23100,0.43,209008800000,18104,414990200,1.5385,14.9254,19.7512,29.4118,없음,1.70000497,MSS7-S1-1.0.0
한국,209640,와이제이링크,Industrials,3760,1.62,106946228960,7293704,29671934288,21.6828,20.9003,-7.7301,-16.6297,없음,1.69574932,MSS7-S1-1.0.0
한국,181710,NHN,Technology,56000,-2.1,1810422040000,156849,8738469750,4.8689,-20.0000,58.4158,52.1739,없음,1.69255664,MSS7-S1-1.0.0
한국,053260,금강철강,Materials,6960,-4.92,130291200000,374864,2672852365,-8.1794,31.8182,20.6239,58.1818,없음,1.69052719,MSS7-S1-1.0.0
한국,072950,빛샘전자,Technology,14200,9.23,114347062000,11884891,176368464865,4.9520,66.2763,71.2907,72.1212,미검증,1.68958734,MSS7-S1-1.0.0
한국,083450,GST,Industrials,49250,0.41,907677500000,88968,4383917325,6.1422,10.3024,-2.2817,73.1107,없음,1.68865748,MSS7-S1-1.0.0
한국,024110,기업은행,Financials,20400,2,16267487727600,1485880,30601138000,0.9901,0.9901,1.2407,-11.8790,없음,1.68446958,MSS7-S1-1.0.0
한국,195870,해성디에스,Technology,61200,2.51,1040400000000,191641,11748616100,6.6202,16.1290,-12.0690,11.2727,없음,1.68419759,MSS7-S1-1.0.0
한국,185490,아이진,Healthcare,1950,1.04,84298078800,35327,68466387,2.3085,2.6316,49.7696,34.9481,없음,1.68415360,MSS7-S1-1.0.0
한국,024850,HLB이노베이션,Technology,15140,5.87,480748656160,167173,2465872130,-5.7285,13.6637,18.7451,234.9558,없음,1.68293196,MSS7-S1-1.0.0
한국,272210,한화시스템,Technology,73900,-4.52,13961142847100,954059,71106524100,7.4128,5.4208,-10.5327,-41.9482,없음,1.68170287,MSS7-S1-1.0.0
한국,098460,고영,Industrials,29150,0.87,1988152808950,725651,21166620900,6.7766,6.9725,-6.1192,5.6159,없음,1.68064874,MSS7-S1-1.0.0
한국,159010,아스플로,Industrials,29800,22.89,397375222200,925696,27126742900,39.5785,49.0745,55.5324,458.0524,미검증,1.67950810,MSS7-S1-1.0.0
한국,117730,티로보틱스,Industrials,14370,9.36,324159077910,572469,8324228325,16.5450,11.2229,4.9671,-25.5440,없음,1.67807158,MSS7-S1-1.0.0
한국,125020,티씨머티리얼즈,Other,6170,0.16,216187853500,604210,3756954760,4.7538,11.5732,15.5431,22.9084,없음,1.67561324,MSS7-S1-1.0.0
한국,388050,지투파워,Utilities,10280,-4.46,192333012360,634128,6637156695,0.7843,19.3961,29.7980,-9.9036,없음,1.67534325,MSS7-S1-1.0.0
한국,021240,코웨이,Other,99800,0,7062589114800,236952,23512651150,-7.0764,2.3590,15.6431,38.0360,없음,1.67009769,MSS7-S1-1.0.0
한국,038620,위즈코프,Energy,1987,0.2,30094889391,7781,15444521,4.6340,5.4111,7.1737,222.5649,없음,1.66484707,MSS7-S1-1.0.0
한국,090460,비에이치,Technology,20250,0.5,682658644500,611104,12249524090,8.1153,25.2319,-10.0000,-11.3786,없음,1.66335503,MSS7-S1-1.0.0
한국,236810,엔비티,Communication,1700,-0.12,28858224200,45824,76675427,1.1303,12.8069,69.4915,-9.5263,없음,1.66108880,MSS7-S1-1.0.0
한국,056360,코위버,Technology,6370,9.26,62405616000,419159,2599574275,9.4502,23.4496,10.7826,-4.2105,없음,1.65287853,MSS7-S1-1.0.0
한국,032500,케이엠더블유,Technology,19560,0.26,825269671560,157340,3071034500,8.6667,33.4243,-6.1871,-32.0833,없음,1.65260503,MSS7-S1-1.0.0
한국,212560,네오오토,Industrials,10410,0.58,140392882680,93581,971267170,1.2646,11.3369,28.3600,30.7789,없음,1.65210979,MSS7-S1-1.0.0
한국,079940,가비아,Technology,41350,0.24,554945283400,27632,1133069900,10.8579,-8.9207,40.6463,53.7175,없음,1.64994532,MSS7-S1-1.0.0
한국,020150,롯데에너지머티리얼즈,Technology,40150,0.12,2102473339450,98390,3949224225,3.2134,24.1113,-11.9518,1.3889,없음,1.64763920,MSS7-S1-1.0.0
한국,003160,디아이,Technology,36750,5.6,1040025000000,774795,28182485225,17.0382,61.5385,54.0881,3.2303,미검증,1.64708325,MSS7-S1-1.0.0
한국,047050,포스코인터내셔널,Other,55300,-2.47,9728530176400,376658,20943954850,0.9124,3.1716,9.5050,-27.1410,없음,1.64532298,MSS7-S1-1.0.0
한국,175330,JB금융지주,Financials,30150,-2.11,5623632993600,291699,8850924650,-8.4977,10.6422,26.6807,4.1451,없음,1.64108468,MSS7-S1-1.0.0
한국,020000,한섬,Consumer,19740,-0.9,423955861560,117966,2337595600,21.7767,26.7823,-5.0962,-25.2273,없음,1.64032726,MSS7-S1-1.0.0
한국,047040,대우건설,Industrials,17440,-7.23,7166229206720,10155479,179609811815,-6.0851,10.6599,-10.4723,6.3415,없음,1.63944496,MSS7-S1-1.0.0
한국,003670,포스코퓨처엠,Other,179900,-2.33,16001424978000,555377,103101673800,-4.4102,5.2662,1.0107,-8.4012,없음,1.63850282,MSS7-S1-1.0.0
한국,014680,한솔케미칼,Materials,236500,5.11,2552789514000,52460,12260214750,10.2564,15.3659,-9.5602,-15.2330,없음,1.63348667,MSS7-S1-1.0.0
한국,097780,에코볼트,Industrials,1492,1.77,30277288788,4238,6319875,-2.8013,25.6950,6.5714,90.3061,없음,1.63190453,MSS7-S1-1.0.0
한국,101680,한국정밀기계,Industrials,2975,0.68,25001900000,5899,17610935,0.5068,8.7751,45.8333,4.7535,없음,1.61990960,MSS7-S1-1.0.0
한국,241770,메카로,Technology,41600,1.09,424013824000,13383,548277300,9.6179,17.3484,-4.8055,25.3012,없음,1.61497347,MSS7-S1-1.0.0
한국,033560,블루콤,Communication,4775,0.53,81652500000,14506,68095125,4.0305,3.9173,31.7241,48.5226,없음,1.61359093,MSS7-S1-1.0.0
한국,101160,월덱스,Technology,30900,0.82,510189683700,23893,737054650,1.9802,12.5683,15.2985,3.8655,없음,1.61252484,MSS7-S1-1.0.0
한국,357580,아모센스,Technology,7040,1,82999924480,252337,1734423985,9.3168,35.3846,1.7341,-65.6585,없음,1.61232453,MSS7-S1-1.0.0
한국,011560,세보엠이씨,Other,24300,1.04,245062389600,43847,1061664275,1.6736,11.9816,14.6226,35.5270,없음,1.60965820,MSS7-S1-1.0.0
한국,119850,지엔씨에너지,Utilities,56100,2.19,922783794900,445029,24956907000,18.4794,14.4898,181.6265,68.4685,미검증,1.60867496,MSS7-S1-1.0.0
한국,166090,하나머티리얼즈,Technology,58700,3.35,1160949463800,121481,7088719600,11.1742,15.3242,-2.4917,-1.0118,없음,1.60684218,MSS7-S1-1.0.0
한국,089970,브이엠,Industrials,62400,10.25,1642790136000,1053651,65121656950,20.2312,6.6667,-33.1190,32.9073,없음,1.60214467,MSS7-S1-1.0.0
한국,004100,태양금속,Industrials,3075,0.82,112852500000,539105,1666775898,6.0345,23.2465,14.5251,-2.6899,없음,1.60035162,MSS7-S1-1.0.0
한국,028100,동아지질,Other,19700,3.09,221075704900,94715,1848566385,0.2035,13.2835,23.8994,11.8683,없음,1.59863831,MSS7-S1-1.0.0
한국,025890,한국주강,Industrials,2655,-1.67,29588955480,14173,37297774,1.1429,7.4899,23.7762,68.2510,없음,1.59614573,MSS7-S1-1.0.0
한국,405100,큐알티,Other,14210,1.36,174630967210,23471,333471980,5.6506,25.3086,11.2764,-19.2614,없음,1.59415691,MSS7-S1-1.0.0
한국,258790,소프트캠프,Technology,6980,1.45,34887826880,88437,628299710,15.5629,58.4563,91.2329,455.7325,미검증,1.58000000,MSS7-S1-1.0.0
한국,261520,이지스,Technology,5120,0.99,52622336000,14535,74029700,6.4449,24.8780,22.7818,-42.9844,없음,1.57968733,MSS7-S1-1.0.0
한국,089030,테크윙,Industrials,49150,3.26,1821186651750,839576,41338763250,7.7851,5.3591,-1.5030,-7.7861,없음,1.57788160,MSS7-S1-1.0.0
한국,013990,아가방컴퍼니,Other,4765,-0.73,156709109040,36044,170593535,4.4956,12.6478,36.1429,-0.8325,없음,1.57604107,MSS7-S1-1.0.0
한국,468530,프로티나,Healthcare,47250,18.27,524718243000,424234,19745659275,45.1613,37.5546,60.7143,-34.5568,미검증,1.57593930,MSS7-S1-1.0.0
한국,016360,삼성증권,Financials,91100,0.44,8135230000000,454710,41672157554,6.4252,5.1963,-15.2558,-3.6998,없음,1.57592188,MSS7-S1-1.0.0
한국,475150,SK이터닉스,Industrials,50800,0.59,1730603803200,543094,27694269350,4.0984,-4.5113,34.5695,-1.9305,없음,1.57183926,MSS7-S1-1.0.0
한국,003550,LG,Financials,111900,-3.95,16918385247600,141632,16049782450,-0.2674,-1.4097,12.8024,27.8857,없음,1.56936160,MSS7-S1-1.0.0
한국,001450,현대해상,Financials,47550,-0.52,4053554287500,316354,15030136900,-1.9588,-6.0277,35.2774,54.6341,없음,1.56896917,MSS7-S1-1.0.0
한국,486990,노타,Technology,20350,-9.76,435335950500,2268395,49228972350,20.9150,11.2630,-8.5393,-49.4410,없음,1.56864673,MSS7-S1-1.0.0
한국,010120,LS ELECTRIC,Utilities,205500,-3.07,30825000000000,332290,68660996750,3.0592,6.8643,-8.4633,-74.7232,없음,1.56592390,MSS7-S1-1.0.0
미국,GOOGL,Alphabet Inc. Class A Common Stock,Technology,342.36,1.341,4187062800000,23777396,,,,,,없음,2.57862761,MSS7-S1-1.0.0
미국,INTC,Intel Corporation Common Stock,Technology,127.39,3.907,673265005006,119297039,,,,,,없음,2.57399903,MSS7-S1-1.0.0
미국,AMZN,Amazon.com Inc. Common Stock,Consumer Discretionary,249.38,0.044,2689890878585,33040160,,,,,,없음,2.56860111,MSS7-S1-1.0.0
미국,GOOG,Alphabet Inc. Class C Capital Stock,Technology,339.01,1.203,4146092300000,15965035,,,,,,없음,2.51968165,MSS7-S1-1.0.0
미국,NVDA,NVIDIA Corporation Common Stock,Technology,224.58,-0.412,5412378000000,77808203,,,,,,없음,2.48369156,MSS7-S1-1.0.0
미국,MU,Micron Technology Inc. Common Stock,Technology,1080.53,0.807,1220343181450,22070294,,,,,,없음,2.40721397,MSS7-S1-1.0.0
미국,AMD,Advanced Micro Devices Inc. Common Stock,Technology,629.26,2.384,1027251244929,25319550,,,,,,없음,2.40465500,MSS7-S1-1.0.0
미국,BAC,Bank of America Corporation Common Stock,Finance,56.03,0.054,391803690891,40990268,,,,,,없음,2.34881414,MSS7-S1-1.0.0
미국,CSCO,Cisco Systems Inc. Common Stock (DE),Telecommunications,106.97,0.507,421738517805,32362244,,,,,,없음,2.32419252,MSS7-S1-1.0.0
미국,AAPL,Apple Inc. Common Stock,Technology,335.92,-0.326,4902476945600,24733329,,,,,,없음,2.30488553,MSS7-S1-1.0.0
미국,PLTR,Palantir Technologies Inc. Class A Common Stock,Technology,192.59,0.417,462611479713,22675964,,,,,,없음,2.28475351,MSS7-S1-1.0.0
미국,NFLX,Netflix Inc. Common Stock,Consumer Discretionary,71.72,0.504,298637753563,28224058,,,,,,없음,2.25941656,MSS7-S1-1.0.0
미국,XOM,ExxonMobil Holdings Corporation Common Stock,Energy,162.14,0.564,666705405194,12484958,,,,,,없음,2.24597589,MSS7-S1-1.0.0
미국,T,AT&T Inc.,Telecommunications,25.45,0.593,174393214793,34217821,,,,,,없음,2.21720966,MSS7-S1-1.0.0
미국,MSFT,Microsoft Corporation Common Stock,Technology,497.93,-0.531,3697401866334,16657760,,,,,,없음,2.21090786,MSS7-S1-1.0.0
미국,PFE,Pfizer Inc. Common Stock,Health Care,28.41,0.816,161927726663,34774778,,,,,,없음,2.20988449,MSS7-S1-1.0.0
미국,JPM,JP Morgan Chase & Co. Common Stock,Finance,338.56,0.305,899955518179,6941751,,,,,,없음,2.20008932,MSS7-S1-1.0.0
미국,KO,Coca-Cola Company (The) Common Stock,Consumer Staples,88.1,0.011,379054588308,13169076,,,,,,없음,2.18012896,MSS7-S1-1.0.0
미국,VZ,Verizon Communications Inc. Common Stock,Telecommunications,47.32,1.72,196603962559,21043704,,,,,,없음,2.16245174,MSS7-S1-1.0.0
미국,TSLA,Tesla Inc. Common Stock,Industrials,377.94,-0.574,1492691942088,26166375,,,,,,없음,2.15810558,MSS7-S1-1.0.0
미국,WBD,Warner Bros. Discovery Inc. Series A Common Stock,Telecommunications,30.84,0.26,77430090204,46110292,,,,,,없음,2.15460555,MSS7-S1-1.0.0
미국,JNJ,Johnson & Johnson Common Stock,Health Care,270.68,0.561,652311352236,6323739,,,,,,없음,2.14466113,MSS7-S1-1.0.0
미국,AVGO,Broadcom Inc. Common Stock,Technology,350.36,-1.304,1672488959501,20930805,,,,,,없음,2.14060429,MSS7-S1-1.0.0
미국,CVX,Chevron Corporation Common Stock,Energy,205.65,0.068,406317362498,9387794,,,,,,없음,2.14018080,MSS7-S1-1.0.0
미국,WFC,Wells Fargo & Company Common Stock,Finance,82.18,0.342,248512265432,12235786,,,,,,없음,2.11448164,MSS7-S1-1.0.0
미국,SPCX,Space Exploration Technologies Corp. Class A Common Stock,Technology,148.03,-0.222,2009184785149,72721710,,,,,,없음,2.09479399,MSS7-S1-1.0.0
미국,V,Visa Inc.,Consumer Discretionary,367.98,1.787,657490187696,4417589,,,,,,없음,2.09376189,MSS7-S1-1.0.0
미국,META,Meta Platforms Inc. Class A Common Stock,Technology,777.59,4.501,1980915365498,34809622,,,,,,없음,2.08629288,MSS7-S1-1.0.0
미국,APH,Amphenol Corporation Common Stock,Technology,83.08,1.083,204872531215,11712129,,,,,,없음,2.08299040,MSS7-S1-1.0.0
미국,LLY,Eli Lilly and Company Common Stock,Health Care,1181.89,2.685,1112580501553,2418807,,,,,,없음,2.07509984,MSS7-S1-1.0.0
미국,CRM,Salesforce Inc. Common Stock,Technology,238.22,0.269,196055060000,11073961,,,,,,없음,2.06914775,MSS7-S1-1.0.0
미국,HPE,Hewlett Packard Enterprise Company Common Stock,Technology,63.52,1.909,84320562762,21472929,,,,,,없음,2.05507714,MSS7-S1-1.0.0
미국,BMY,Bristol-Myers Squibb Company Common Stock,Health Care,61.5,0.572,125626951344,14902838,,,,,,없음,2.05414784,MSS7-S1-1.0.0
미국,C,Citigroup Inc. Common Stock,Finance,132.1,0.129,221589399034,8648713,,,,,,없음,2.04931519,MSS7-S1-1.0.0
미국,ABBV,AbbVie Inc. Common Stock,Health Care,265.12,0.015,468498134599,3458170,,,,,,없음,2.01416114,MSS7-S1-1.0.0
미국,UNH,UnitedHealth Group Incorporated Common Stock (DE),Health Care,375.01,1.002,336607043573,4652207,,,,,,없음,2.01402330,MSS7-S1-1.0.0
미국,DIS,Walt Disney Company (The) Common Stock,Consumer Discretionary,105.56,2.03,182269069375,7886127,,,,,,없음,2.01050182,MSS7-S1-1.0.0
미국,BSX,Boston Scientific Corporation Common Stock,Health Care,44.68,0.134,64751575222,17297544,,,,,,없음,1.98936992,MSS7-S1-1.0.0
미국,TJX,TJX Companies Inc. (The) Common Stock,Consumer Discretionary,131.63,0.03,144789585649,8134248,,,,,,없음,1.98499367,MSS7-S1-1.0.0
미국,BKNG,Booking Holdings Inc. Common Stock,Consumer Discretionary,157.41,0.969,118274804505,9501590,,,,,,없음,1.98113310,MSS7-S1-1.0.0
미국,SMCI,Super Micro Computer Inc. Common Stock,Technology,41.51,0.169,27270633090,34885564,,,,,,없음,1.97825715,MSS7-S1-1.0.0
미국,DVN,Devon Energy Corporation Common Stock,Energy,48.9,1.79,53790000000,17590827,,,,,,없음,1.96763922,MSS7-S1-1.0.0
미국,DHR,Danaher Corporation Common Stock,Industrials,223.77,0.997,157307189304,6196751,,,,,,없음,1.95641259,MSS7-S1-1.0.0
미국,ORCL,Oracle Corporation Common Stock,Technology,139.54,-3.473,421932121440,56629447,,,,,,없음,1.95525355,MSS7-S1-1.0.0
미국,MA,Mastercard Incorporated Common Stock,Consumer Discretionary,566.08,1.1,495891706835,2165628,,,,,,없음,1.95381067,MSS7-S1-1.0.0
미국,PM,Philip Morris International Inc Common Stock,Health Care,191.5,0.346,298474473569,3151332,,,,,,없음,1.94197021,MSS7-S1-1.0.0
미국,ANET,Arista Networks Inc. Common Stock,Telecommunications,205.7,1.096,259433910094,3559074,,,,,,없음,1.94132036,MSS7-S1-1.0.0
미국,WMT,Walmart Inc. Common Stock,Consumer Discretionary,107.59,-2.66,853591758069,26173992,,,,,,없음,1.93533172,MSS7-S1-1.0.0
미국,COP,ConocoPhillips Common Stock,Energy,129.34,0.976,155380989534,5362096,,,,,,없음,1.93386423,MSS7-S1-1.0.0
미국,ABNB,Airbnb Inc. Class A Common Stock,Consumer Discretionary,151.39,1.21,90650164398,8597733,,,,,,없음,1.93200523,MSS7-S1-1.0.0
미국,AXP,American Express Company Common Stock,Finance,305.66,1.225,206415203555,3955312,,,,,,없음,1.92681609,MSS7-S1-1.0.0
미국,OXY,Occidental Petroleum Corporation Common Stock,Energy,58.05,1.203,58028949387,9848599,,,,,,없음,1.89355156,MSS7-S1-1.0.0
미국,CVNA,Carvana Co. Class A Common Stock,Consumer Discretionary,64.18,0.36,70627764759,6971754,,,,,,없음,1.86913999,MSS7-S1-1.0.0
미국,TMO,Thermo Fisher Scientific Inc Common Stock,Industrials,678.39,1.968,250832861350,2097970,,,,,,없음,1.86041509,MSS7-S1-1.0.0
미국,WELL,Welltower Inc. Common Stock,Real Estate,233.61,1.627,168373228003,2751259,,,,,,없음,1.84772574,MSS7-S1-1.0.0
미국,COF,Capital One Financial Corporation Common Stock,Finance,196.61,0.26,120617253606,3688181,,,,,,없음,1.84669357,MSS7-S1-1.0.0
미국,KHC,The Kraft Heinz Company Common Stock,Consumer Staples,23.86,0.294,28293754866,13465411,,,,,,없음,1.84524705,MSS7-S1-1.0.0
미국,KEY,KeyCorp Common Stock,Finance,20.25,0.049,21609353219,16552715,,,,,,없음,1.84001561,MSS7-S1-1.0.0
미국,MRK,Merck & Company Inc. Common Stock (new),Health Care,147.98,-0.068,365092058991,10312766,,,,,,없음,1.83984577,MSS7-S1-1.0.0
미국,PYPL,PayPal Holdings Inc. Common Stock,Industrials,52.6,0.171,44997241972,8535955,,,,,,없음,1.83970647,MSS7-S1-1.0.0
미국,COIN,Coinbase Global Inc. Class A Common Stock,Finance,199.21,0.545,52558953431,7383844,,,,,,없음,1.83895485,MSS7-S1-1.0.0
미국,VLO,Valero Energy Corporation Common Stock,Energy,382.86,1.868,110235907718,3726796,,,,,,없음,1.83647546,MSS7-S1-1.0.0
미국,GEV,GE Vernova Inc. Common Stock,Technology,955.04,0.338,254359223198,1683690,,,,,,없음,1.83038829,MSS7-S1-1.0.0
미국,TFC,Truist Financial Corporation Common Stock,Finance,47.18,0.383,57636323550,6372158,,,,,,없음,1.82963773,MSS7-S1-1.0.0
미국,RCL,Royal Caribbean Cruises Ltd. Common Stock,Consumer Discretionary,238.98,3.769,63915699034,5478549,,,,,,없음,1.82123745,MSS7-S1-1.0.0
미국,DAL,Delta Air Lines Inc. Common Stock,Consumer Discretionary,82.76,1.235,54424881963,6256485,,,,,,없음,1.81951605,MSS7-S1-1.0.0
미국,BNY,The Bank of New York Mellon Corporation Common Stock,Finance,150.19,0.455,101904537087,3544771,,,,,,없음,1.81898745,MSS7-S1-1.0.0
미국,MRVL,Marvell Technology Inc. Common Stock,Technology,258.95,-0.747,227073255000,13424764,,,,,,없음,1.81615202,MSS7-S1-1.0.0
미국,LRCX,Lam Research Corporation Common Stock,Technology,307.16,-0.039,384355758360,7904001,,,,,,없음,1.80803568,MSS7-S1-1.0.0
미국,DDOG,Datadog Inc. Class A Common Stock,Technology,256.92,2.159,92253555166,3489556,,,,,,없음,1.80375166,MSS7-S1-1.0.0
미국,VTRS,Viatris Inc. Common Stock,Health Care,17.42,1.752,20008452851,13744943,,,,,,없음,1.80307837,MSS7-S1-1.0.0
미국,CRWV,CoreWeave Inc. Class A Common Stock,Technology,90.13,3.717,49709993938,33748966,,,,,,없음,1.80168660,MSS7-S1-1.0.0
미국,ORLY,O'Reilly Automotive Inc. Common Stock,Consumer Discretionary,86.24,0.396,69764778702,4350290,,,,,,없음,1.79926360,MSS7-S1-1.0.0
미국,KR,Kroger Company (The) Common Stock,Consumer Staples,58.92,2.221,34797486204,8089118,,,,,,없음,1.79843142,MSS7-S1-1.0.0
미국,BRK/B,Berkshire Hathaway Inc.,Uncategorized,505.18,-0.392,1114584378402,2706197,,,,,,없음,1.79158702,MSS7-S1-1.0.0
미국,EQT,EQT Corporation Common Stock,Energy,51.87,1.586,32445514920,8136207,,,,,,없음,1.79015373,MSS7-S1-1.0.0
미국,SYY,Sysco Corporation Common Stock,Consumer Discretionary,78.19,1.361,38462752532,6855586,,,,,,없음,1.78752697,MSS7-S1-1.0.0
미국,NKE,Nike Inc. Common Stock,Consumer Discretionary,35.99,-0.166,53391118321,39238510,,,,,,없음,1.78281154,MSS7-S1-1.0.0
미국,PG,Procter & Gamble Company (The) Common Stock,Consumer Discretionary,145.68,-1.16,338623408181,7430961,,,,,,없음,1.78259675,MSS7-S1-1.0.0
미국,CTAS,Cintas Corporation Common Stock,Industrials,197.68,2.974,78976474501,3398787,,,,,,없음,1.77969064,MSS7-S1-1.0.0
미국,CRWD,CrowdStrike Holdings Inc. Class A Common Stock,Technology,259.67,-1.074,265885160422,8399301,,,,,,없음,1.76882261,MSS7-S1-1.0.0
미국,UBER,Uber Technologies Inc. Common Stock,Consumer Discretionary,69.22,-0.288,141386011576,14479710,,,,,,없음,1.76537522,MSS7-S1-1.0.0
미국,ICE,Intercontinental Exchange Inc. Common Stock,Finance,156.93,0.371,88099636845,2683552,,,,,,없음,1.75972891,MSS7-S1-1.0.0
미국,FISV,Fiserv Inc. Common Stock,Consumer Discretionary,45.98,0.065,24450633832,8155509,,,,,,없음,1.75363739,MSS7-S1-1.0.0
미국,MPC,Marathon Petroleum Corporation Common Stock,Energy,390.95,0.662,109788441095,2091003,,,,,,없음,1.75228520,MSS7-S1-1.0.0
미국,SOFI,SoFi Technologies Inc. Common Stock,Finance,16.8,1.511,21698381443,50283303,,,,,,없음,1.75140280,MSS7-S1-1.0.0
미국,MET,MetLife Inc. Common Stock,Finance,97.25,0.051,61800131151,3442899,,,,,,없음,1.74960491,MSS7-S1-1.0.0
미국,KLAC,KLA Corporation Common Stock,Technology,187.11,-0.399,244179764718,7799579,,,,,,없음,1.74700329,MSS7-S1-1.0.0
미국,PSKY,Paramount Skydance Corporation Class B Common Stock,Industrials,10.18,2.209,11421408030,15319144,,,,,,없음,1.74572739,MSS7-S1-1.0.0
미국,ISRG,Intuitive Surgical Inc. Common Stock,Health Care,399.52,0.306,141141641742,1565480,,,,,,없음,1.74311239,MSS7-S1-1.0.0
미국,EOG,EOG Resources Inc. Common Stock,Energy,142.86,0.719,74934238083,2672414,,,,,,없음,1.73803867,MSS7-S1-1.0.0
미국,HWM,Howmet Aerospace Inc. Common Stock,Industrials,229.38,0.262,91477064903,2228095,,,,,,없음,1.73770490,MSS7-S1-1.0.0
미국,HBAN,Huntington Bancshares Incorporated Common Stock,Finance,15.31,-0.455,30932550986,46692009,,,,,,없음,1.73687224,MSS7-S1-1.0.0
미국,PCG,Pacific Gas & Electric Co. Common Stock,Utilities,12.32,-0.725,33018961311,42655188,,,,,,없음,1.73228631,MSS7-S1-1.0.0
미국,CAH,Cardinal Health Inc. Common Stock,Health Care,222.62,0.61,51549741384,3480951,,,,,,없음,1.72756725,MSS7-S1-1.0.0
미국,STT,State Street Corporation Common Stock,Finance,181.09,0.634,49745742624,3492741,,,,,,없음,1.72341557,MSS7-S1-1.0.0
미국,EMR,Emerson Electric Company Common Stock,Technology,156.14,1.003,87094892000,2071934,,,,,,없음,1.72078978,MSS7-S1-1.0.0
미국,SCHW,Charles Schwab Corporation (The) Common Stock,Finance,99.49,-0.01,172051610186,8907176,,,,,,없음,1.72061097,MSS7-S1-1.0.0
미국,XYZ,Block Inc. Class A Common Stock,Technology,76.74,2.758,46105008300,3654550,,,,,,없음,1.72006907,MSS7-S1-1.0.0
미국,MS,Morgan Stanley Common Stock,Finance,196.32,-1.043,308333574445,5198700,,,,,,없음,1.71867116,MSS7-S1-1.0.0
미국,ALL,Allstate Corporation (The) Common Stock,Finance,227.17,0.669,57441740502,2967263,,,,,,없음,1.71855362,MSS7-S1-1.0.0
미국,NCLH,Norwegian Cruise Line Holdings Ltd. Ordinary Shares,Consumer Discretionary,14.19,0.071,6515875535,20754985,,,,,,없음,1.71656598,MSS7-S1-1.0.0
미국,AMAT,Applied Materials Inc. Common Stock,Technology,474.25,-0.027,376363587343,4165383,,,,,,없음,1.71256726,MSS7-S1-1.0.0
미국,WM,Waste Management Inc. Common Stock,Utilities,207.96,0.038,83124769665,2028646,,,,,,없음,1.71165456,MSS7-S1-1.0.0
미국,OKE,ONEOK Inc. Common Stock,Utilities,91.18,0.707,57477106237,2702688,,,,,,없음,1.70511377,MSS7-S1-1.0.0
미국,UAL,United Airlines Holdings Inc. Common Stock,Consumer Discretionary,111.19,0.424,36090469609,4004924,,,,,,없음,1.70141585,MSS7-S1-1.0.0
미국,MDT,Medtronic plc. Ordinary Shares,Health Care,88.51,-0.885,113216494644,10967728,,,,,,없음,1.69621180,MSS7-S1-1.0.0
미국,VTR,Ventas Inc. Common Stock,Real Estate,86.83,0.219,44539132352,3133417,,,,,,없음,1.69329526,MSS7-S1-1.0.0
미국,MCD,McDonald's Corporation Common Stock,Consumer Discretionary,237.02,-0.545,167725195678,7387536,,,,,,없음,1.69021270,MSS7-S1-1.0.0
미국,LUV,Southwest Airlines Company Common Stock,Consumer Discretionary,41.55,1.243,20326600752,6022975,,,,,,없음,1.68568978,MSS7-S1-1.0.0
미국,SNPS,Synopsys Inc. Common Stock,Technology,424.91,2.869,81428327252,1716358,,,,,,없음,1.68476861,MSS7-S1-1.0.0
미국,PANW,Palo Alto Networks Inc. Common Stock,Technology,389.92,-0.859,318954560000,3970230,,,,,,없음,1.68405720,MSS7-S1-1.0.0
미국,HST,Host Hotels & Resorts Inc. Common Stock,Real Estate,22.21,0.271,15216612902,7574053,,,,,,없음,1.68113818,MSS7-S1-1.0.0
미국,GE,GE Aerospace Common Stock,Technology,319.78,-0.006,331791740407,3728020,,,,,,없음,1.68008575,MSS7-S1-1.0.0
미국,GEHC,GE HealthCare Technologies Inc. Common Stock,Health Care,66.38,0.439,29982933408,3966557,,,,,,없음,1.67586680,MSS7-S1-1.0.0
미국,CFG,Citizens Financial Group Inc. Common Stock,Finance,64.73,0.186,27262773487,4280652,,,,,,없음,1.67450765,MSS7-S1-1.0.0
미국,FANG,Diamondback Energy Inc. Common Stock,Energy,189.01,1.81,52927402961,2306992,,,,,,없음,1.67145287,MSS7-S1-1.0.0
미국,CMCSA,Comcast Corporation Class A Common Stock,Telecommunications,22.13,-1.863,78531327360,36087907,,,,,,없음,1.67096678,MSS7-S1-1.0.0
미국,ED,Consolidated Edison Inc. Common Stock,Utilities,102.71,0.097,37985098895,3026600,,,,,,없음,1.66753565,MSS7-S1-1.0.0
미국,COST,Costco Wholesale Corporation Common Stock,Consumer Discretionary,896.48,-0.909,397569878210,2893937,,,,,,없음,1.66698707,MSS7-S1-1.0.0
미국,GOOGN,Alphabet Inc. Depositary Shares representing a 1/20th Interest in a Share of Series B Mandatory Convertible Preferred Stock,Technology,48.38,0.792,591687400000,1407093,,,,,,없음,1.66440196,MSS7-S1-1.0.0
미국,F,Ford Motor Company Common Stock,Industrials,12.6,-2.628,49350969247,52297432,,,,,,없음,1.66414883,MSS7-S1-1.0.0
미국,RIVN,Rivian Automotive Inc. Class A Common Stock,Industrials,15.29,1.798,22137789033,26991150,,,,,,없음,1.66394740,MSS7-S1-1.0.0
미국,ONDS,Ondas Inc. Common Stock,Technology,7.6,2.703,4425500512,114569267,,,,,,없음,1.66347810,MSS7-S1-1.0.0
미국,HLT,Hilton Worldwide Holdings Inc. Common Stock,Consumer Discretionary,312.13,1.598,70249510358,1683408,,,,,,없음,1.66272279,MSS7-S1-1.0.0
미국,FIS,Fidelity National Information Services Inc. Common Stock,Consumer Discretionary,34.99,0.923,18044550036,5669601,,,,,,없음,1.66142132,MSS7-S1-1.0.0
미국,VRTX,Vertex Pharmaceuticals Incorporated Common Stock,Health Care,522.38,1.17,132402917479,941060,,,,,,없음,1.66110837,MSS7-S1-1.0.0
미국,CCL,Carnival Corporation Ltd. Common Shares,Consumer Discretionary,21.79,-0.046,29844654303,28503294,,,,,,없음,1.66075832,MSS7-S1-1.0.0
미국,AME,AMETEK Inc.,Industrials,247.74,0.523,56797180589,1992119,,,,,,없음,1.65940313,MSS7-S1-1.0.0
미국,BMNR,BitMine Immersion Technologies Inc. Common Stock,Finance,28.03,2.076,16908435824,33135338,,,,,,없음,1.65852817,MSS7-S1-1.0.0
미국,FCX,Freeport-McMoRan Inc. Common Stock,Basic Materials,72.08,-0.689,103508143058,9142237,,,,,,없음,1.65817651,MSS7-S1-1.0.0
미국,ROST,Ross Stores Inc. Common Stock,Consumer Discretionary,235.4,0.607,75199262094,1454504,,,,,,없음,1.65043571,MSS7-S1-1.0.0
미국,GILD,Gilead Sciences Inc. Common Stock,Health Care,149.69,-1.11,185608887152,5075255,,,,,,없음,1.64906559,MSS7-S1-1.0.0
미국,RDDT,Reddit Inc. Class A Common Stock,Technology,152.72,0.487,29382795007,3262617,,,,,,없음,1.64494996,MSS7-S1-1.0.0
미국,DELL,Dell Technologies Inc. Class C Common Stock,Technology,536.02,-2.512,340808350255,7963003,,,,,,없음,1.64344536,MSS7-S1-1.0.0
미국,CSX,CSX Corporation Common Stock,Industrials,46.95,-0.509,86973697353,9554895,,,,,,없음,1.64189169,MSS7-S1-1.0.0
미국,MO,Altria Group Inc.,Health Care,68.88,-0.102,115011961623,7382115,,,,,,없음,1.64094984,MSS7-S1-1.0.0
미국,TMUS,T-Mobile US Inc. Common Stock,Telecommunications,165.35,-0.187,177366251210,4986518,,,,,,없음,1.64059376,MSS7-S1-1.0.0
미국,CBRE,CBRE Group Inc Common Stock Class A,Finance,136.53,0.088,39535715436,2384919,,,,,,없음,1.63825476,MSS7-S1-1.0.0
미국,NEE,NextEra Energy Inc. Common Stock,Utilities,75.62,-1.818,157741672165,15103033,,,,,,없음,1.63573866,MSS7-S1-1.0.0
미국,CVS,CVS Health Corporation Common Stock,Consumer Staples,85.05,-0.943,108776429883,7382822,,,,,,없음,1.63370124,MSS7-S1-1.0.0
미국,NTAP,NetApp Inc. Common Stock,Technology,197.24,0.464,38741684546,2347973,,,,,,없음,1.63335125,MSS7-S1-1.0.0
미국,SBUX,Starbucks Corporation Common Stock,Consumer Discretionary,93.65,-0.521,106761000000,7232572,,,,,,없음,1.62828805,MSS7-S1-1.0.0
미국,TXN,Texas Instruments Incorporated Common Stock,Technology,270.65,-0.723,247170486216,3342437,,,,,,없음,1.62592006,MSS7-S1-1.0.0
미국,EXE,Expand Energy Corporation Common Stock,Energy,88.62,1.815,20515865781,3935650,,,,,,없음,1.62529911,MSS7-S1-1.0.0
미국,DHI,D.R. Horton Inc. Common Stock,Consumer Discretionary,140.35,0.128,39256072823,2160921,,,,,,없음,1.62305169,MSS7-S1-1.0.0
미국,IQV,IQVIA Holdings Inc. Common Stock,Health Care,275.02,2.673,45268292000,1893424,,,,,,없음,1.62248753,MSS7-S1-1.0.0
미국,CAT,Caterpillar Inc. Common Stock,Industrials,805.25,-0.834,370153204367,2198329,,,,,,없음,1.61787868,MSS7-S1-1.0.0
미국,PWR,Quanta Services Inc. Common Stock,Industrials,643.5,1.355,94806712787,938055,,,,,,없음,1.61712783,MSS7-S1-1.0.0
미국,GLW,Corning Incorporated Common Stock,Industrials,154.15,-0.214,132783011224,5401611,,,,,,없음,1.61445052,MSS7-S1-1.0.0
미국,SNDK,Sandisk Corporation Common Stock,Technology,1753.62,-3.465,256763288534,8231868,,,,,,없음,1.61135934,MSS7-S1-1.0.0
미국,LYV,Live Nation Entertainment Inc. Common Stock,Consumer Discretionary,171.06,1.201,40307528092,1936698,,,,,,없음,1.61063648,MSS7-S1-1.0.0
미국,KVUE,Kenvue Inc. Common Stock,Consumer Discretionary,17.61,-0.34,33824820754,17494658,,,,,,없음,1.60640580,MSS7-S1-1.0.0
미국,HD,Home Depot Inc. (The) Common Stock,Consumer Discretionary,292.18,-1.53,291504954925,7058967,,,,,,없음,1.60564083,MSS7-S1-1.0.0
미국,USB,U.S. Bancorp Common Stock,Finance,58.4,-0.137,90990204446,7083331,,,,,,없음,1.60444424,MSS7-S1-1.0.0
미국,TRV,The Travelers Companies Inc. Common Stock,Finance,362.39,0.555,75585502223,1053647,,,,,,없음,1.60442993,MSS7-S1-1.0.0
미국,AES,The AES Corporation Common Stock,Industrials,14.85,0.27,10594563656,6161627,,,,,,없음,1.60409006,MSS7-S1-1.0.0
미국,FAST,Fastenal Company Common Stock,Consumer Discretionary,50.73,-0.51,58212551878,10273440,,,,,,없음,1.60007695,MSS7-S1-1.0.0
미국,BLK,BlackRock Inc. Common Stock,Finance,1073.45,1.184,166244406074,501393,,,,,,없음,1.59961687,MSS7-S1-1.0.0
미국,NWSA,News Corporation Class A Common Stock,Consumer Discretionary,28.44,1.138,15370284325,4268933,,,,,,없음,1.59944435,MSS7-S1-1.0.0
미국,CIEN,Ciena Corporation Common Stock,Utilities,358.43,0.708,50828429616,1421174,,,,,,없음,1.59604776,MSS7-S1-1.0.0
미국,QCOM,QUALCOMM Incorporated Common Stock,Technology,194.26,-1.511,204018441493,9089015,,,,,,없음,1.59573977,MSS7-S1-1.0.0
미국,EXPE,Expedia Group Inc. Common Stock,Consumer Discretionary,261.75,1.046,29969299469,2276975,,,,,,없음,1.59545573,MSS7-S1-1.0.0
미국,SYF,Synchrony Financial Common Stock,Finance,71.55,1.245,26620717559,2502899,,,,,,없음,1.59371370,MSS7-S1-1.0.0
미국,BBY,Best Buy Co. Inc. Common Stock,Consumer Discretionary,91,0.22,19085220518,3376135,,,,,,없음,1.59368242,MSS7-S1-1.0.0
미국,PRU,Prudential Financial Inc. Common Stock,Finance,118.75,0.986,40968750000,1683258,,,,,,없음,1.59245271,MSS7-S1-1.0.0
미국,PGR,Progressive Corporation (The) Common Stock,Finance,202.17,-0.473,117535930741,5083600,,,,,,없음,1.58977499,MSS7-S1-1.0.0
미국,KIM,Kimco Realty Corporation (HC) Common Stock,Real Estate,22.25,0.18,14925063549,4036287,,,,,,없음,1.58750220,MSS7-S1-1.0.0
미국,GS,Goldman Sachs Group Inc. (The) Common Stock,Finance,923.29,-1.396,268835649292,2354554,,,,,,없음,1.58614894,MSS7-S1-1.0.0
미국,HOOD,Robinhood Markets Inc. Class A Common Stock,Finance,120.82,-1.532,108627120224,14977739,,,,,,없음,1.58593023,MSS7-S1-1.0.0
미국,DG,Dollar General Corporation Common Stock,Consumer Discretionary,122.53,1.6,27032175279,2324818,,,,,,없음,1.58502728,MSS7-S1-1.0.0
미국,PEP,PepsiCo Inc. Common Stock,Consumer Staples,128.15,-1.559,174910853158,9642937,,,,,,없음,1.58424814,MSS7-S1-1.0.0
미국,NET,Cloudflare Inc. Class A Common Stock,Technology,358.82,1.842,127768523336,3160216,,,,,,없음,1.58183275,MSS7-S1-1.0.0
미국,KMI,Kinder Morgan Inc. Common Stock,Utilities,31.25,-0.383,69587565281,7685758,,,,,,없음,1.58132173,MSS7-S1-1.0.0
미국,MDLN,Medline Inc. Class A Common Stock,Health Care,34.66,1.05,45567761673,7662960,,,,,,없음,1.57572950,MSS7-S1-1.0.0
미국,VEEV,Veeva Systems Inc. Class A Common Stock,Technology,274.84,1.511,44499028334,1380053,,,,,,없음,1.57447041,MSS7-S1-1.0.0
미국,PH,Parker-Hannifin Corporation Common Stock,Industrials,974.98,0.388,122957082377,552302,,,,,,없음,1.57431827,MSS7-S1-1.0.0
미국,O,Realty Income Corporation Common Stock,Real Estate,55.41,-0.36,52429941209,9367972,,,,,,없음,1.57308901,MSS7-S1-1.0.0
미국,BE,Bloom Energy Corporation Class A Common Stock,Energy,266.65,-3.103,78535716811,18081169,,,,,,없음,1.57092900,MSS7-S1-1.0.0
미국,RJF,Raymond James Financial Inc. Common Stock,Finance,158.76,0.335,30539345238,1884489,,,,,,없음,1.57052245,MSS7-S1-1.0.0
미국,AMGN,Amgen Inc. Common Stock,Health Care,406.04,-0.012,219518219310,2525241,,,,,,없음,1.56987545,MSS7-S1-1.0.0
미국,NUE,Nucor Corporation Common Stock,Industrials,247.96,0.397,56256092621,1076224,,,,,,없음,1.56901843,MSS7-S1-1.0.0
미국,BA,Boeing Company (The) Common Stock,Industrials,196.8,-1.566,155544819936,9625003,,,,,,없음,1.56869029,MSS7-S1-1.0.0
미국,TRGP,Targa Resources Inc. Common Stock,Utilities,283.15,0.049,60716143596,978922,,,,,,없음,1.56524062,MSS7-S1-1.0.0
미국,GOOGM,Alphabet Inc. Depositary Shares representing a 1/20th Interest in a Share of Series A Mandatory Convertible Preferred Stock,Technology,48.73,0.995,595967900000,688233,,,,,,없음,1.56181202,MSS7-S1-1.0.0
미국,FTNT,Fortinet Inc. Common Stock,Technology,178.67,-0.039,131092618382,3759637,,,,,,없음,1.56032211,MSS7-S1-1.0.0
미국,CRCL,Circle Internet Group Inc. Class A Common Stock,Finance,93,1.396,23610456933,12422990,,,,,,없음,1.56000670,MSS7-S1-1.0.0
미국,SPG,Simon Property Group Inc. Common Stock,Real Estate,204.7,0.264,66230995121,869772,,,,,,없음,1.55945352,MSS7-S1-1.0.0
미국,CHTR,Charter Communications Inc. Class A Common Stock New,Telecommunications,117.55,0.806,13468584185,3621381,,,,,,없음,1.55842132,MSS7-S1-1.0.0
미국,SO,Southern Company (The) Common Stock,Utilities,82.89,-0.695,95353586252,4918785,,,,,,없음,1.55775372,MSS7-S1-1.0.0
미국,GPN,Global Payments Inc. Common Stock,Consumer Discretionary,85.31,1.56,22574594851,2260286,,,,,,없음,1.55747379,MSS7-S1-1.0.0
미국,MRNA,Moderna Inc. Common Stock,Health Care,194.82,6.979,77779135895,16605494,,,,,,없음,1.55734287,MSS7-S1-1.0.0
미국,NOW,ServiceNow Inc. Common Stock,Technology,137.78,-2.131,142464520000,9578739,,,,,,없음,1.55654813,MSS7-S1-1.0.0
미국,MDLZ,Mondelez International Inc. Class A Common Stock,Consumer Staples,60.86,-0.944,77676108349,5808788,,,,,,없음,1.55511475,MSS7-S1-1.0.0
미국,DASH,DoorDash Inc. Class A Common Stock,Consumer Discretionary,187.53,-0.919,81256362126,5530891,,,,,,없음,1.55388891,MSS7-S1-1.0.0
미국,SNAP,Snap Inc. Class A Common Stock,Technology,5.43,2.647,9183203576,27803584,,,,,,없음,1.55359852,MSS7-S1-1.0.0
미국,IFF,International Flavors & Fragrances Inc. Common Stock,Industrials,85.85,0.163,21904624324,2203040,,,,,,없음,1.54983487,MSS7-S1-1.0.0
미국,KEYS,Keysight Technologies Inc. Common Stock,Industrials,357.54,1.183,60869306127,845305,,,,,,없음,1.54432398,MSS7-S1-1.0.0
미국,BKR,Baker Hughes Company Class A Common Stock,Consumer Discretionary,57.29,-1.275,56870297528,7082922,,,,,,없음,1.54320314,MSS7-S1-1.0.0
미국,MNST,Monster Beverage Corporation,Consumer Staples,42.67,-2.824,125389233562,9789847,,,,,,없음,1.54307004,MSS7-S1-1.0.0
미국,VLTO,Veralto Corp Common Stock,Industrials,96.2,0.334,23452919693,1970535,,,,,,없음,1.54258713,MSS7-S1-1.0.0
미국,LIN,Linde plc Ordinary Shares,Basic Materials,468.14,-0.336,215803253507,2085195,,,,,,없음,1.53993295,MSS7-S1-1.0.0
미국,APP,Applovin Corporation Class A Common Stock,Technology,312.47,-0.882,104568397970,3974153,,,,,,없음,1.53890166,MSS7-S1-1.0.0
미국,ADI,Analog Devices Inc. Common Stock,Technology,382.61,-0.68,185399592564,2372478,,,,,,없음,1.53883336,MSS7-S1-1.0.0
미국,FITB,Fifth Third Bancorp Common Stock,Finance,51.46,-0.445,46668691343,8171691,,,,,,없음,1.53814500,MSS7-S1-1.0.0
미국,WDC,Western Digital Corporation Common Stock,Technology,450.31,-4.936,162355192493,7212569,,,,,,없음,1.53250318,MSS7-S1-1.0.0
미국,VRT,Vertiv Holdings LLC Class A Common Stock,Technology,245.3,-1.399,94437598837,4128490,,,,,,없음,1.53114056,MSS7-S1-1.0.0
미국,MCHP,Microchip Technology Incorporated Common Stock,Technology,74.69,-1.112,40557319131,8726424,,,,,,없음,1.52936621,MSS7-S1-1.0.0
미국,WMB,Williams Companies Inc. (The) Common Stock,Utilities,70.58,-0.745,86331160174,4369624,,,,,,없음,1.52766496,MSS7-S1-1.0.0
미국,WAT,Waters Corporation Common Stock,Industrials,430.3,2.314,42276162163,1031521,,,,,,없음,1.52565469,MSS7-S1-1.0.0
미국,TPR,Tapestry Inc. Common Stock,Consumer Discretionary,112.12,1.457,22355794937,1817544,,,,,,없음,1.52464535,MSS7-S1-1.0.0
미국,EXC,Exelon Corporation Common Stock,Utilities,40.2,-1.204,41496609473,8098102,,,,,,없음,1.52153153,MSS7-S1-1.0.0
미국,DLTR,Dollar Tree Inc. Common Stock,Consumer Discretionary,113.5,0.3,21296038937,1851148,,,,,,없음,1.52097003,MSS7-S1-1.0.0
미국,ABT,Abbott Laboratories Common Stock,Health Care,101.07,-2.338,174889839727,6216822,,,,,,없음,1.52068552,MSS7-S1-1.0.0
미국,HUM,Humana Inc. Common Stock,Health Care,380.32,1.478,45668942739,899024,,,,,,없음,1.51581005,MSS7-S1-1.0.0
미국,ADBE,Adobe Inc. Common Stock,Technology,238.93,-0.731,92991556000,3679842,,,,,,없음,1.51247611,MSS7-S1-1.0.0
미국,PLD,Prologis Inc. Common Stock,Real Estate,133.82,-0.105,126871530320,2763976,,,,,,없음,1.51152068,MSS7-S1-1.0.0
미국,ASTS,AST SpaceMobile Inc. Class A Common Stock,Consumer Discretionary,61.06,1.801,23762567184,8772019,,,,,,없음,1.51046786,MSS7-S1-1.0.0
미국,CL,Colgate-Palmolive Company Common Stock,Consumer Discretionary,85.32,-0.71,68014785770,4778646,,,,,,없음,1.50954929,MSS7-S1-1.0.0
미국,ON,ON Semiconductor Corporation Common Stock,Technology,73.15,-1.282,28478656541,10448943,,,,,,없음,1.50937997,MSS7-S1-1.0.0
미국,DUK,Duke Energy Corporation (Holding Company) Common Stock,Utilities,113.23,-0.823,88285679313,3757219,,,,,,없음,1.50872258,MSS7-S1-1.0.0
미국,TECH,Bio-Techne Corp Common Stock,Health Care,72.57,0.069,11380299532,2986343,,,,,,없음,1.50855934,MSS7-S1-1.0.0
미국,CRDO,Credo Technology Group Holding Ltd Ordinary Shares,Technology,195.97,1.083,36832937370,5797568,,,,,,없음,1.50761952,MSS7-S1-1.0.0
미국,UNP,Union Pacific Corporation Common Stock,Industrials,274.07,-0.53,162818271737,2087902,,,,,,없음,1.50341431,MSS7-S1-1.0.0
미국,DKNG,DraftKings Inc. Class A Common Stock,Consumer Discretionary,21.27,0.094,10559577601,17334953,,,,,,없음,1.50340152,MSS7-S1-1.0.0
미국,ALAB,Astera Labs Inc. Common Stock,Technology,360.51,0.014,62543114843,3407617,,,,,,없음,1.49967078,MSS7-S1-1.0.0
미국,LITE,Lumentum Holdings Inc. Common Stock,Telecommunications,929.04,-0.85,83334888000,3677047,,,,,,없음,1.49808112,MSS7-S1-1.0.0
미국,PR,Permian Resources Corporation Class A Common Stock,Energy,21.85,0.784,18300621084,10150090,,,,,,없음,1.49756305,MSS7-S1-1.0.0
미국,OKTA,Okta Inc. Class A Common Stock,Technology,206.64,0.623,36124996562,5206128,,,,,,없음,1.48951396,MSS7-S1-1.0.0
미국,ATO,Atmos Energy Corporation Common Stock,Utilities,156.42,0.115,26433189460,1218654,,,,,,없음,1.48860501,MSS7-S1-1.0.0
미국,IBM,International Business Machines Corporation Common Stock,Technology,227.06,-2.449,213921034593,4149591,,,,,,없음,1.48841114,MSS7-S1-1.0.0
미국,D,Dominion Energy Inc. Common Stock,Utilities,60.4,-1.259,53123367320,5049860,,,,,,없음,1.48534546,MSS7-S1-1.0.0
미국,COMP,Compass Inc. Class A Common Stock,Finance,9.29,1.419,7037381210,21779498,,,,,,없음,1.48357261,MSS7-S1-1.0.0
미국,JBL,Jabil Inc. Common Stock,Technology,310.69,0.628,32556300681,973443,,,,,,없음,1.48322736,MSS7-S1-1.0.0
미국,PSX,Phillips 66 Common Stock,Energy,255.87,-0.238,102097481777,2751872,,,,,,없음,1.48258059,MSS7-S1-1.0.0
미국,RTX,RTX Corporation Common Stock,Industrials,188.61,-1.863,254200663540,3410066,,,,,,없음,1.48247393,MSS7-S1-1.0.0
미국,PFG,Principal Financial Group Inc Common Stock,Finance,114.15,0.202,24440044770,1220595,,,,,,없음,1.47862113,MSS7-S1-1.0.0
미국,GME,GameStop Corporation Common Stock,Consumer Discretionary,25.02,3.388,12622614770,12203678,,,,,,없음,1.47584171,MSS7-S1-1.0.0
미국,MRSH,Marsh Common Stock,Finance,169.93,-0.264,81092510771,3197094,,,,,,없음,1.47427936,MSS7-S1-1.0.0
미국,TWLO,Twilio Inc. Class A Common Stock,Technology,299.66,3.082,46020350425,3717267,,,,,,없음,1.47229290,MSS7-S1-1.0.0
미국,TOST,Toast Inc. Class A Common Stock,Technology,30.11,1.006,17403580000,8711904,,,,,,없음,1.46889594,MSS7-S1-1.0.0
미국,CARR,Carrier Global Corporation Common Stock,Industrials,54.87,-0.417,45230715878,5048965,,,,,,없음,1.46436416,MSS7-S1-1.0.0
미국,TGT,Target Corporation Common Stock,Consumer Discretionary,156.15,-0.07,70938435326,3349065,,,,,,없음,1.46357234,MSS7-S1-1.0.0
미국,CMG,Chipotle Mexican Grill Inc. Common Stock,Consumer Discretionary,32.01,-2.14,40506030180,15542648,,,,,,없음,1.46276424,MSS7-S1-1.0.0
미국,DT,Dynatrace Inc. Common Stock,Technology,58.68,0.291,16958644871,8465471,,,,,,없음,1.46136772,MSS7-S1-1.0.0
미국,UPS,United Parcel Service Inc. Common Stock,Industrials,92.05,-3.934,78314444623,8501728,,,,,,없음,1.46132163,MSS7-S1-1.0.0
미국,CBRS,Cerebras Systems Inc. Class A Common Stock,Technology,206.41,0.57,49035593703,3182838,,,,,,없음,1.45809161,MSS7-S1-1.0.0
미국,SYK,Stryker Corporation Common Stock,Health Care,269.75,-1.335,103468829159,2291502,,,,,,없음,1.45781627,MSS7-S1-1.0.0
미국,HAL,Halliburton Company Common Stock,Energy,32.76,-0.757,27293350823,7591803,,,,,,없음,1.45759870,MSS7-S1-1.0.0
미국,RF,Regions Financial Corporation Common Stock,Finance,27.26,-0.475,23223598334,8747038,,,,,,없음,1.45706586,MSS7-S1-1.0.0
미국,AEP,American Electric Power Company Inc. Common Stock,Utilities,117.57,-0.701,64004796675,3504127,,,,,,없음,1.45672370,MSS7-S1-1.0.0
미국,JOBY,Joby Aviation Inc. Common Stock,Industrials,6.3,0.8,6261409004,19847079,,,,,,없음,1.45490049,MSS7-S1-1.0.0
미국,QBTS,D-Wave Quantum Inc. Common Stock,Technology,17.48,3.986,6635873457,18649782,,,,,,없음,1.45346068,MSS7-S1-1.0.0
미국,PCAR,PACCAR Inc. Common Stock,Industrials,110.67,-1.267,58252809349,3692342,,,,,,없음,1.45202904,MSS7-S1-1.0.0
미국,NEM,Newmont Corporation,Basic Materials,121.3,-1.821,127812872472,5114798,,,,,,없음,1.45158187,MSS7-S1-1.0.0
미국,DECK,Deckers Outdoor Corporation Common Stock,Consumer Discretionary,78.68,0.115,10733071380,2122104,,,,,,없음,1.45147276,MSS7-S1-1.0.0
미국,PINS,Pinterest Inc. Class A Common Stock,Technology,18.72,1.463,10601379865,11760307,,,,,,없음,1.44774827,MSS7-S1-1.0.0
미국,DGX,Quest Diagnostics Incorporated Common Stock,Health Care,236.59,1.541,26113233242,927181,,,,,,없음,1.44744637,MSS7-S1-1.0.0
미국,NTRS,Northern Trust Corporation Common Stock,Finance,174.5,0.293,31925761449,772557,,,,,,없음,1.44721922,MSS7-S1-1.0.0
미국,VMRK,Vivmark Residential Common Shares of Beneficial Interest,Real Estate,61.05,-0.392,48076875000,4199070,,,,,,없음,1.44563191,MSS7-S1-1.0.0
미국,HIMS,Hims & Hers Health Inc. Class A Common Stock,Health Care,29.28,3.135,6831416733,16712281,,,,,,없음,1.44136514,MSS7-S1-1.0.0
미국,WSM,Williams-Sonoma Inc. Common Stock (DE),Consumer Discretionary,228.66,0.364,26931385698,863686,,,,,,없음,1.44119624,MSS7-S1-1.0.0
미국,FOX,Fox Corporation Class B Common Stock,Industrials,57.2,0.421,24119731178,947207,,,,,,없음,1.44019337,MSS7-S1-1.0.0
미국,ADP,Automatic Data Processing Inc. Common Stock,Technology,263.11,-0.216,104523798732,1993703,,,,,,없음,1.43898471,MSS7-S1-1.0.0
미국,LVS,Las Vegas Sands Corp. Common Stock,Consumer Discretionary,38.65,-1.378,25033650762,7211005,,,,,,없음,1.43888919,MSS7-S1-1.0.0
미국,GM,General Motors Company Common Stock,Industrials,80.57,-3.82,70696270658,7936246,,,,,,없음,1.43802399,MSS7-S1-1.0.0
미국,EW,Edwards Lifesciences Corporation Common Stock,Health Care,85.73,-1.255,49414772000,3869239,,,,,,없음,1.43736556,MSS7-S1-1.0.0
미국,HAS,Hasbro Inc. Common Stock,Consumer Discretionary,86.81,0.335,12244070180,1693223,,,,,,없음,1.43594913,MSS7-S1-1.0.0
미국,GFS,GlobalFoundries Inc. Ordinary Shares,Technology,47.05,1.357,26226545271,4730976,,,,,,없음,1.43393924,MSS7-S1-1.0.0
미국,CTVA,Corteva Inc. Common Stock,Consumer Staples,79.45,-1.206,53008722200,3498153,,,,,,없음,1.43191713,MSS7-S1-1.0.0
미국,RGTI,Rigetti Computing Inc. Common Stock,Technology,16.5,3.093,5507184326,18966613,,,,,,없음,1.43160881,MSS7-S1-1.0.0
미국,MSTR,Strategy Inc Common Stock Class A,Technology,161.61,-0.364,62094723619,16938369,,,,,,없음,1.43087361,MSS7-S1-1.0.0
미국,CNP,CenterPoint Energy Inc (Holding Co) Common Stock,Utilities,36.82,-0.915,24254081004,6926944,,,,,,없음,1.42894934,MSS7-S1-1.0.0
미국,AZO,AutoZone Inc. Common Stock,Consumer Discretionary,2861.75,0.647,46719084671,481887,,,,,,없음,1.42849670,MSS7-S1-1.0.0
미국,IOT,Samsara Inc. Class A Common Stock,Technology,39.32,0.614,23025996818,5122612,,,,,,없음,1.42849602,MSS7-S1-1.0.0
미국,REG,Regency Centers Corporation Common Stock,Real Estate,72.92,0.261,13353150287,1472034,,,,,,없음,1.42698107,MSS7-S1-1.0.0
미국,MSCI,MSCI Inc. Common Stock,Consumer Discretionary,556.08,0.068,40427016000,541145,,,,,,없음,1.42643939,MSS7-S1-1.0.0
미국,VST,Vistra Corp. Common Stock,Utilities,137.94,-0.022,46297518798,3645049,,,,,,없음,1.42023511,MSS7-S1-1.0.0
미국,PPL,PPL Corporation Common Stock,Utilities,31.97,-0.868,24058858567,6491878,,,,,,없음,1.41850596,MSS7-S1-1.0.0
미국,NDAQ,Nasdaq Inc. Common Stock,Finance,94.55,-0.933,52851310523,3195112,,,,,,없음,1.41841209,MSS7-S1-1.0.0
미국,LH,Labcorp Holdings Inc. Common Stock,Health Care,308.95,1.635,25055845000,785195,,,,,,없음,1.41799856,MSS7-S1-1.0.0
미국,TME,Tencent Music Entertainment Group American Depositary Shares each representing two Class A Ordinary Shares,Consumer Discretionary,8.34,1.46,13126363530,7722083,,,,,,없음,1.41468815,MSS7-S1-1.0.0
미국,DOW,Dow Inc. Common Stock,Industrials,28.56,-0.314,20630050706,7250647,,,,,,없음,1.41447568,MSS7-S1-1.0.0
미국,SPGI,S&P Global Inc. Common Stock,Finance,403.25,-0.8,118878100000,1475573,,,,,,없음,1.41218412,MSS7-S1-1.0.0
미국,L,Loews Corporation Common Stock,Finance,105.07,0.029,21479220540,858218,,,,,,없음,1.41080476,MSS7-S1-1.0.0
미국,STLD,Steel Dynamics Inc.,Industrials,235.2,0.388,33710766298,563350,,,,,,없음,1.40859002,MSS7-S1-1.0.0
미국,BX,Blackstone Inc. Common Stock,Finance,117.21,-1.727,87980769612,5287771,,,,,,없음,1.40774054,MSS7-S1-1.0.0
미국,ROK,Rockwell Automation Inc. Common Stock,Industrials,432.93,0.009,48173832472,402916,,,,,,없음,1.40658153,MSS7-S1-1.0.0
미국,EBAY,eBay Inc. Common Stock,Consumer Discretionary,107.83,-1.155,47984350000,3151358,,,,,,없음,1.40382913,MSS7-S1-1.0.0
미국,SAIL,SailPoint Inc. Common Stock,Technology,22.12,3.316,12628565322,7264101,,,,,,없음,1.40080016,MSS7-S1-1.0.0
미국,CEG,Constellation Energy Corporation Common Stock,Utilities,261.62,-0.856,92693896494,1686892,,,,,,없음,1.39914443,MSS7-S1-1.0.0
미국,CNC,Centene Corporation Common Stock,Health Care,61.92,-0.258,30588170400,4572164,,,,,,없음,1.39903998,MSS7-S1-1.0.0
미국,WEC,WEC Energy Group Inc. Common Stock,Utilities,100.9,-0.267,32878202745,4257854,,,,,,없음,1.39813601,MSS7-S1-1.0.0
미국,PNC,PNC Financial Services Group Inc. (The) Common Stock,Finance,223.34,-0.308,89100078588,1723719,,,,,,없음,1.39711892,MSS7-S1-1.0.0
미국,KDP,Keurig Dr Pepper Inc. Common Stock,Consumer Staples,30.88,-2.771,42022308053,9320671,,,,,,없음,1.39352636,MSS7-S1-1.0.0
미국,HON,Honeywell International Inc. Common Stock,Industrials,211.79,-0.367,67124724718,2144865,,,,,,없음,1.39186474,MSS7-S1-1.0.0
미국,IBRX,ImmunityBio Inc. Common Stock,Health Care,8.64,0.116,9156985399,8980120,,,,,,없음,1.38961980,MSS7-S1-1.0.0
미국,NI,NiSource Inc Common Stock,Utilities,39.12,-0.331,18760391112,6581017,,,,,,없음,1.38807024,MSS7-S1-1.0.0
미국,RBLX,Roblox Corporation Class A Common Stock,Technology,48.83,-0.327,34882977199,20818346,,,,,,없음,1.38559947,MSS7-S1-1.0.0
미국,CORZ,Core Scientific Inc. Common Stock,Finance,18.12,0.11,5822688791,13002627,,,,,,없음,1.38421411,MSS7-S1-1.0.0
